user_id,Retweets1,Retweets2,Retweets3,Retweets4
100044793,,,,
1002266713,-0.0451417203489101,-1.7828602194163966e-5,-3.722117390865207e-14,-3.724650355761639e-7
100481809,,,,
100515720,0.6619241563806483,-0.006551916559463973,0.010605157855008833,-0.005934975125390581
100539810,0.22237202914821674,0.0012095302908710223,-0.01217156641504327,2.8093749888456786e-4
1006079186,,,,
100611628,,,,
1007026639,,,,
1009116900,,,,
1009664899,,,,
1010990306,,,,
1011614880,,,,
1011864553,,,,
101211935,,,,
1012203103,,,,
101524444,,,,
102015242,-0.035428330574904146,-0.021551092052554507,-0.011734834436853553,-0.006160261143094358
1020559236,,,,
102100426,,,,
102420396,0.009703001469337091,-0.028150947751655074,0.0072396047174196326,-0.004981442513801283
1024690117,0.004744546587208049,0.00997921539395197,-0.007955334136816114,0.0084637438754284
1024980008,0.0032057535992034395,0.07458642741982291,0.002722044215538532,-0.16623841557397007
1027056698,,,,
1028961271,,,,
103163709,,,,
103596271,,,,
1039872500807753728,0.0020768446832356486,0.5673106719911188,-0.01468522373045267,0.01018424171504936
1042698590,,,,
1042775382,,,,
104431004,0.0024784398629176495,-0.3876891833006266,-0.0061664150558949065,0.00282956852426328
1045755804,,,,
1047513810,,,,
1053897615295856640,0.0025302156528625728,-0.05392599043239368,0.02496494917033921,-0.03980137518152666
1055125529744101381,,,,
105629019,,,,
1058869963,,,,
105922645,0.0020070283013406357,0.019106795865890785,-0.021729313021987797,0.02654048157458011
1060498864271228933,,,,
1061485039,,,,
1061719765,,,,
1064192252,,,,
106512574,,,,
1071331740,,,,
1072499624,,,,
1075059108741554176,,,,
1076555946548178944,0.0019847121266439696,-0.002134995471577849,-0.018687275668061394,0.1025138603187873
1077311989,,,,
108042034,,,,
108076878,,,,
1083044271014465537,,,,
1084555597,,,,
1086506976,,,,
1086656150,,,,
1092201601,0.0015773082444340497,-5.988755875775699e-5,-0.021223754455475512,-0.28965009426526184
1098335532814356480,,,,
1100144216309665793,,,,
1103555528,,,,
1109091587500527617,,,,
1110352074,0.0018470221594422795,0.0022763366023338854,-0.004905306889423771,0.5421449287922147
111724395,,,,
1118521720019746817,,,,
1119926028,,,,
1123166877818212352,0.0018538556303229214,-1.5809247428370056e-4,-0.007890640046353084,-0.23596437774902998
1127945989,,,,
1128325658,,,,
1129451670,,,,
1137487915657912320,,,,
1140122838,,,,
1141967100774424576,0.001556191438410102,0.002527460164856056,-0.01496256240101914,0.047363310097095566
1143089876,,,,
1145395669,,,,
114657300,,,,
1149317273401929728,,,,
1151931745,,,,
1153260566,,,,
1159538480,0.0020054940403510446,0.009069057165906082,0.007644379832816389,0.010735609313174323
1162309748,,,,
1162361661266759691,,,,
116383117,,,,
1164566509,0.0015851785439664914,1.53903814794093e-4,-0.01891148168682027,1.121255991612982e-4
1167352727481061378,,,,
1168920360,,,,
117029929,0.0011782470141587834,-0.002226099034646514,-0.002551183290465319,0.0016951954436817524
1172865618,,,,
11798532,,,,
1180379792,,,,
1180868341516378114,,,,
118357405,,,,
1183693609,,,,
1184330655443890182,,,,
1186395913352306689,,,,
1186946766,0.0011782371801578834,-0.002088897948470954,-0.0038138632039800176,0.005388198914657737
1187914729,,,,
1188275324229947393,,,,
1188547359720067073,,,,
1189275465283964929,,,,
1190241897870249984,,,,
119181575,,,,
119194942,0.0011739483370443442,-7.990269010528986e-4,-0.021511639112332438,0.015206251404529232
1194302059711008768,9.55355946841444e-4,-0.0026129367447397353,-0.01700037215833538,0.009301532094959136
1195400462012485634,,,,
1196146710,,,,
119667555,9.296462725379675e-4,-0.0010739524600124715,-0.032913524032232785,-0.00653900128365552
1201683126,,,,
1203445090271797248,0.001140224032169475,-0.017177161042523304,-0.21283365788589584,0.007072807780017138
1206267637761744901,,,,
121176154,,,,
1212281780,,,,
121454999,,,,
1214555222099365888,5.962870366779924e-4,0.003766903949261192,0.5688282270125277,0.004015847645276104
1215412435378634754,,,,
121544131,0.0011139857681521804,-0.004122087149450662,-0.32380252180558705,-2.458406740190313e-4
1218590303868870663,,,,
1221702677073223681,,,,
122319254,3.5464564704625664e-4,-0.002007003794145752,0.01600695132594405,2.542190719827264e-4
1226199451,,,,
1229106862412517376,8.279790686304428e-4,-0.0047519690777675355,-0.010479953841519455,-0.0023687349490091685
1229119396603453441,,,,
123047937,,,,
1231532169534767104,,,,
1234277173,,,,
1236979356,,,,
1242164118,,,,
1243984313961635840,5.88175844755781e-4,2.357369219643561e-4,-0.012174477260997274,0.013847493618344213
1244594318,,,,
1246111343197016064,9.667458590232818e-4,-0.00144893499559094,-0.02065707398946581,0.009751241271562185
1246155817440739331,,,,
1248035948853673988,,,,
1248513751210512384,4.987895396739644e-4,-0.0021065844389531766,-0.014471309180478212,0.0057311419034971264
1252243937080815620,,,,
1253387334470565888,4.4810124806620247e-4,-0.002756091707040463,-0.017149154266759503,-0.0020225273479679484
1253970074,,,,
1254338155,,,,
125463912,,,,
1263005269,,,,
1264681886045147136,0.001107437355047133,-0.005739483648346901,0.0034943462609297858,0.012537047009717616
1268778571,,,,
126939997,4.550087750108731e-4,-0.0060495818637079455,-0.005306396929570645,-8.206146369539493e-4
1270201057,,,,
1270528657,,,,
127636330,,,,
1277059098077540352,,,,
1278130646,,,,
1280657332725321728,0.0011027968072832085,-0.0050770044277141674,-0.002116737738819314,0.002068800651992151
1284437933920067584,1.1934446583460837e-4,8.301600479957725e-5,0.013336294917740474,0.010735687159331682
1288674685,1.1920101151642474e-4,0.0035924154861172917,-0.005510184367407025,0.01054290134609545
1289843713,,,,
129267780,,,,
129547986,7.572818731589564e-4,-0.015100649770563367,-0.011890962534410429,0.00662070285112826
1300226874451333122,,,,
1300421947,,,,
1302156415210082305,,,,
130383923,5.059925662303585e-4,-0.004081202843368213,-0.0016984228902357631,0.004038707838486628
1308408110348931072,5.455178631586223e-4,-4.8036662567280125e-4,-0.01594121887803764,0.005299274403922538
130866861,,,,
1311252912,-4.479586287174058e-4,0.003629070798686398,-0.01248450680750087,0.013268811167324953
1315717406086574080,,,,
1319624670925258753,,,,
1319872104,,,,
131991099,,,,
132012068,2.561320096022116e-4,0.0025386232362968122,-0.010170917007215802,0.010329046277905415
1321622071902937090,,,,
1323339757007572994,,,,
132666884,1.2703190602732353e-4,-0.0028223864105890273,-0.022750401735776634,0.008372818633701207
1326990180,,,,
1330770397827133443,,,,
1331021249682808840,,,,
1332588066,,,,
1334155293337530368,-3.0548808295390446e-4,-0.004279583825582108,0.003589961964017706,0.0032262832570356414
1334534659,,,,
1334611321,,,,
133693469,,,,
1338747702,1.624709476076018e-4,-0.0027191204608329545,-0.0078044817358651365,-0.0037053663277287485
133936058,-3.0670186780278795e-4,-0.003104800652252697,-2.9130906399616976e-4,0.0019251091723107496
134178750,,,,
1344879324,,,,
1350195234563645442,,,,
1352050368151236615,,,,
1352119562,,,,
135591166,,,,
135642125,-3.080551689818125e-4,-1.5996413442654811e-4,0.0037495811001277252,0.0011716736184060911
135793103,,,,
1361930761,,,,
136394031,,,,
1366518552,,,,
1372981392,,,,
137844148,,,,
138125846,,,,
1394210544,,,,
139460759,,,,
139975953,,,,
140183463,,,,
140404170,,,,
140795123,-2.7900722062978387e-4,0.0013026089419858247,-0.003324080942240951,0.006827358564744809
1409664654,,,,
1412887704,,,,
14159575,,,,
141683077,,,,
142709143,,,,
142805368,,,,
1428703766,,,,
143470736,,,,
143601625,,,,
1438240316,,,,
1438278217,,,,
1446800557,,,,
1454998146,,,,
1457645600,,,,
1462105106,,,,
146251287,,,,
146791754,,,,
148286025,3.405205440216634e-4,-2.1587499965598043e-4,0.0013116232218635918,0.006733571069781226
148385313,,,,
148500617,,,,
14860046,,,,
148787563,,,,
1490661829,,,,
14937151,,,,
149605037,-2.2113946548505688e-4,0.005020404426282532,-0.004561231007270432,0.004416320481120991
1496368206,,,,
1500507805,,,,
15022080,2.681262679620227e-5,4.899672427819817e-4,-0.0032063651737530515,0.0043817976201649235
150344776,,,,
150618405,,,,
150990323,,,,
1510843676,5.487962722935512e-5,-0.002391301476666289,-0.0013927036979492883,0.012509917005994258
15115726,4.62160463260054e-4,-0.003960964040310834,0.0036133118790948296,0.014810664071396782
1519364126,,,,
1520651402,4.601355012284402e-4,-0.006590031244962879,0.01231993873433173,0.0065034288884842925
1524814164,,,,
1527130885,,,,
1527877579,,,,
1528288849,,,,
1534674193,-4.860477679108169e-4,-0.0019246178083832883,0.003570517342383008,0.005747171644388042
1535881693,,,,
153816503,,,,
1541801100,,,,
154272821,,,,
1542851323,,,,
1543185306,,,,
1543220726,,,,
1546370617,-4.8736438836456084e-4,-1.9763184891807278e-4,9.379141961862573e-4,0.005025491290752983
155235799,,,,
155236974,,,,
155948100,-4.874361464753914e-4,0.001484007208096639,4.2269046366152945e-4,0.005316348166354987
1560944155,,,,
1564027536,,,,
1576354075,,,,
1583182562,,,,
158772213,,,,
159072956,-8.231524399258094e-4,0.00433046383846429,-6.397284983197716e-4,0.014440871974221515
15915380,,,,
1591864093,,,,
1601801340,,,,
1606017025,,,,
1606765267,-5.473269250618775e-4,0.004034443642540947,-0.0013227576350040404,0.006767396977944598
161021621,-5.735536298250881e-4,0.005992113193249809,-0.005110219390234868,0.01757851412904866
1612616934,,,,
1613713206,,,,
1620060326,,,,
162405819,,,,
16265631,,,,
162841104,,,,
1631071712,,,,
163204065,-5.735870242950446e-4,0.007492551205548101,-3.097813610543497e-4,0.011911629397087715
1637828341,,,,
1645009134,,,,
1656487266,,,,
166217631,,,,
166479666,,,,
1665225241,,,,
1674268189,,,,
1680580092,,,,
1683181435,,,,
168446862,,,,
1685036006,,,,
168520210,-5.522420033856273e-4,0.011678238085292138,-0.0018531701826209708,0.010909374181788207
16864693,,,,
16872273,,,,
168822988,2.7307802981938075e-4,0.0037647178148121543,0.0029471273762912273,0.0029835657881978794
16883794,2.668091202860227e-4,0.013829144975574938,-0.00431830267689034,5.617592027164518e-4
1689484730,,,,
1691959494,,,,
169682122,0.0011342127697953545,0.00512842609072376,0.0019796790539727735,0.012190990643280525
1697360292,-2.3470373029376266e-5,0.005150820231740554,0.004363207968500222,-0.00833207866914046
169970454,,,,
1701413168,8.755417855917434e-4,0.007955875847241122,-0.008119880080292708,0.007779985120514682
1706649516,0.0011158601865363157,0.009715275712846265,5.393754705295323e-4,0.0012025426531073029
1707651812,,,,
1707735937,,,,
1708941223,,,,
1723565570,,,,
172388258,,,,
17363730,,,,
17371085,,,,
17629793,,,,
177120205,,,,
17820695,,,,
179028690,,,,
17919801,8.881559448438459e-4,0.005859017733148965,0.003189317869688164,-0.0019990961107717595
179695486,6.511578836382372e-4,0.004445140918453466,0.00660605811504969,-0.0015450360661565022
17989551,,,,
180571299,,,,
18082788,,,,
181218060,,,,
181252181,,,,
181297332,,,,
181472023,,,,
1816285836,,,,
182783134,3.218999057300461e-4,0.004510314492103929,0.003036567081565345,-5.211944919576572e-4
182971274,,,,
183184911,-1.0761631054281403e-4,0.01446673387677555,-0.0032131678765047484,0.001936246026445424
1834768836,,,,
183583012,,,,
18447733,1.3075097964986514e-4,0.01207908214865073,0.0034159631987615894,0.0019137918226594516
184554911,,,,
18483956,-3.763320004185054e-4,0.015354888723358615,0.007209200684569851,0.003493479158741146
184909162,,,,
1852133064,,,,
185608669,,,,
185732836,,,,
185789961,,,,
186170312,,,,
186436549,,,,
186478529,,,,
1864914674,,,,
187284953,,,,
187981835,-3.5596475104291564e-4,0.017497395238238,0.00313435954382665,0.0042868211982110245
1880814974,,,,
1883499115,8.632223922619078e-5,0.014100611837508697,0.008250669540863814,0.0063043734894308485
188483256,-8.07245489782858e-4,0.02178040164804948,0.004809433904840409,-0.0070400024138866975
18882085,1.076597890806794e-4,0.01056841363141406,6.001645588768572e-4,0.0035920407782099157
1890704658,,,,
189483812,,,,
1898727265,,,,
190155538,2.977111047814252e-5,0.015352840734270396,-1.119900127353401e-4,0.0022500145467887044
191125339,,,,
19113547,,,,
191536547,,,,
193375862,,,,
19365509,,,,
1948528128,-1.6154381293006172e-4,0.012504966667967653,0.0033009175003936974,0.010514093873637984
194941226,4.986491403157631e-5,0.020206878938049906,0.0037763882584242996,-0.0021318643394438027
195065263,1.739187591649438e-4,0.009129030884960136,-1.2135298994107453e-4,0.00804388143537136
195907411,,,,
196124212,6.569957589297334e-4,0.0055691497226823365,0.004558464135473298,-1.5495999720805496e-4
1964181102,,,,
1968593088,,,,
196946831,,,,
1972435772,,,,
1975099231,,,,
198205905,5.872260213336743e-4,0.01688464724109271,0.0014650733003446178,1.7633332339429442e-4
200177084,,,,
201846520,,,,
202693425,,,,
202712254,,,,
204037006,,,,
204434260,-2.633251399609159e-4,0.00847718511734846,0.007832715685770134,-5.426182391677649e-4
20526714,-7.091395043206989e-4,0.014552621444960263,0.003378780675042749,-0.0028989061228714822
205749364,-0.001005840728684526,0.013442399544811646,-8.292268634528089e-4,0.016044343173941693
205854723,,,,
206646021,,,,
206832152,-0.0010058704497242245,0.014855729635898965,0.005181834090003671,0.004821640125101103
207669006,,,,
208190399,,,,
208997341,,,,
210361370,,,,
210472784,,,,
210571585,-5.630043065499648e-4,0.009837123781294178,0.0022426155702302128,0.010295336792634504
210907690,-0.001735634638750399,0.012061622175204446,0.0037843877295360333,0.009455510003455857
211674312,,,,
212551202,-0.001731821279326906,0.01703255549807612,0.00890115020316978,0.008104293319098729
213020479,,,,
213426867,-0.0019586005644611592,-6.245596477559396e-4,0.00440892959762339,0.004808635618778764
21361705,-0.0019394189939993896,0.0015913025405312937,0.007197093042559996,0.0031454546553332827
214515740,-0.0017366260234163021,0.005249511285827969,0.005163531703966855,0.008121680513845483
214733538,,,,
2149155871,,,,
215212887,,,,
2154472079,,,,
2155543177,-0.0013724433031653907,0.0074597240720812134,0.002063768319451507,0.0065240609278467455
215614178,,,,
2156908158,,,,
215982068,,,,
2163591820,,,,
216758395,,,,
2168281285,-0.001560129684504784,0.007808043670308449,0.01127146086596651,0.006857862046417573
217135519,,,,
2172925964,,,,
2173986524,-0.0017871062177320085,-8.210596571460694e-4,0.004246831309985843,0.009756035049839594
217427396,-0.001180572202636461,0.01662549228980908,0.0021809459816955123,8.618656367812224e-5
217779492,-0.0016249556960966872,0.007616524587493059,0.003250440633541148,0.011908839128614191
2179612781,,,,
218432733,,,,
2194747532,,,,
2197204781,-9.703176527836763e-4,0.006899186935974681,0.003702812099633168,0.005496354193387821
220148402,,,,
220477794,-0.0016497287825920433,0.01137588703839095,-0.002257702295159688,0.012319386355369617
220736409,-0.0016991601942777698,0.003994839595716224,0.00900873157387535,0.021681181570831886
220776890,,,,
221037110,,,,
2213194992,,,,
221333461,,,,
2214175986,,,,
221835704,-0.002301163772325043,0.009582776572409246,0.00935643148154598,0.013223139317574965
2218972962,,,,
2222387463,,,,
2223469662,-0.0027348862460919634,0.017064528958420953,0.003811765570453024,0.003902835607021847
2225006623,,,,
222800006,,,,
223181175,-0.00228126901921844,0.008672445502151845,0.0031961918025870894,0.0015890184734027276
223499304,-0.0032309363182135473,0.015414793560297674,0.006197717689818328,0.014817297117728645
2235392337,,,,
2240482024,-0.003569206965111764,0.011031002168455494,0.006344970864789806,0.010139566851069686
2241810495,,,,
224338096,,,,
2244512220,,,,
2246920053,,,,
224741510,-0.00316707271550549,0.007649205394364098,0.01107063962751042,-2.707542044839795e-4
2248094633,,,,
2250729871,,,,
225175229,,,,
225443759,,,,
2255401050,,,,
2258664970,,,,
2260591017,,,,
2263146054,-0.0028835043136299014,0.004285822731447849,0.013603867968441378,-1.6600886949190674e-4
226728523,,,,
227464142,,,,
229060154,,,,
22950900,-0.0025171236350532743,0.002798588389276447,0.005852855891353748,-0.0032809671005212893
229554511,,,,
229772420,-0.003754280054360013,0.007104598624892036,0.0028298691175896664,-0.019375863454320044
2297962925,-0.0031105469354746388,0.001413354034296772,-0.005657317356183236,0.0064422569947822795
2312591036,,,,
2315098607,-0.0024263714198044,5.001226140691131e-4,0.009488356724877061,0.004961497597514235
2318544869,,,,
2328915407,,,,
2330309927,,,,
233470337,,,,
233634604,,,,
233655225,,,,
2340489102,,,,
2354506006,-0.0036221794788361353,0.004939253987519627,0.009036230219218485,-6.530750609197671e-4
2359043272,,,,
2359887632,,,,
236918656,,,,
237319178,,,,
237839609,-0.0038964823026249418,0.002017696230082595,0.0052540003110339685,0.002847018233253354
238104061,,,,
238543795,-0.0036437964263656536,-9.873082784011063e-4,0.008414799471264493,0.002252014330411487
238698933,,,,
238711545,,,,
2392706936,,,,
2393197506,-0.0038969290693122004,-0.001831525340511874,0.007056753669214827,0.0030044668178604446
239424561,,,,
240149663,,,,
240304353,,,,
240805460,-0.0030714489556291965,-0.0038416068437961337,0.009865261568899063,7.203777772518678e-5
241062482,,,,
241239833,,,,
2412554661,,,,
241265297,-0.0035682635339033156,-4.435278180979594e-4,0.004826480973815916,-0.007424532107393483
2422175545,,,,
242511903,-0.003150780842592079,-0.006800282222256356,0.00816921412845905,-0.002560785624362598
242522290,,,,
242725020,-0.004113105028136969,6.173817187767618e-4,0.006078008788967537,-6.493846341796883e-4
242835524,,,,
2432250319,-0.004356251458360367,0.0014393088601281547,6.24851600478786e-5,-0.005924496269225566
2435227451,-0.0035235831044622256,-2.308031794528709e-4,0.004610269903513261,-0.002721319364098572
243646592,,,,
243807141,,,,
244982488,,,,
245113308,,,,
245126167,-0.004181845281925133,-0.0031435162133958247,0.0051054754709572185,-0.0026895724832922915
2451869025,,,,
2452950231,,,,
245302776,,,,
245376097,,,,
2457569157,,,,
245780158,,,,
2459908436,,,,
246369119,-0.004650835610287189,-0.002044306028903031,0.005239405139878537,-0.0019519600551047974
246739853,,,,
246882293,,,,
247292021,,,,
247659262,,,,
248200972,,,,
248213654,-0.005413813893432575,-8.429942484724105e-4,0.00778893203742463,0.0012314183890898272
248267147,-0.005237278810096656,-0.008221380853147471,0.006838364906992123,-3.3840891589704354e-4
2484572847,,,,
2485130517,,,,
248641111,-0.004995667173620646,-0.00882010290082262,0.004335985948309559,-0.0013311936494702786
2486604652,-0.0057317659055969,-0.0057193708220640025,-0.001083433129628615,-0.004689267903831673
249247178,-0.005558223760462838,-0.004246711760098796,0.0030176765278952015,-0.0019075858190027893
249303934,-0.005658263149738295,0.004310976523347808,0.002399791201626298,-0.004621437215552294
2496993323,,,,
2504581204,,,,
250629260,,,,
250655439,-0.00492935887885712,-0.015001163773880341,0.005051374672077828,-0.006150016182309175
250800885,-0.005683077718759472,-0.007607590993930537,0.004651314121932755,-0.006227316031559166
250902224,,,,
2510651177,,,,
251718832,,,,
252484774,-0.006159139311296454,-0.00369961053673009,0.0014205513120829013,0.004416823407764852
252703624,,,,
253150708,-0.00594878535743449,-0.007547335491220921,0.004414430932498319,-2.4955389921481455e-4
253311701,,,,
253585444,-0.005601205255706622,-0.001935599481085178,0.005819642879281517,-1.7305849529467823e-4
254049945,,,,
254253084,,,,
255099505,,,,
255110080,,,,
255137188,-0.0053378943741556,-0.009646106065768578,0.0034667182406409357,0.0035002572351591553
255578406,,,,
2559276083,,,,
257578433,-0.005150523322838318,-1.5822867831852703e-4,0.001784165178407843,-0.0059618139004150306
257705859,-0.005150476241240655,-0.0018836427257070112,8.380819366788522e-4,-0.0032393145005175637
2583590870,,,,
2589003921,-0.006258197768473718,-0.006965221687923398,0.008927992920526862,9.327118519741049e-4
259797406,,,,
259848178,,,,
260115329,,,,
2604496847,,,,
260471164,,,,
260926245,,,,
261121099,-0.006255894830043057,-0.010471062353111868,0.00719769510121731,-0.009372301747690905
261225455,-0.006254696330114562,-0.008950717853560287,0.008349761095457443,-0.0035268363979449303
2622233883,-0.0062558616350596825,-0.011529324123719277,0.006038298588359198,0.01594502466222628
262679454,,,,
262740121,,,,
262850062,-0.006496994780115691,-0.0026975596988809557,0.004174762031593188,0.010392664027737407
263404798,,,,
263689257,-0.006490938411676484,-0.008819419700522448,0.007791668360747204,-8.980729795743823e-4
263906729,-0.006490955775904944,-0.0077855902246622265,0.01263603618086305,0.0036268450792207854
264120630,,,,
264463869,,,,
264907196,,,,
264979205,-0.0064937994027684616,7.237028387924632e-4,-0.0021051430270690756,0.002608679489050505
265347028,,,,
266002870,,,,
266111879,,,,
266486016,-0.006490938411677399,-0.008819417130133234,0.009396364371128903,-9.259744890479068e-4
266604783,,,,
266659349,-0.0073732128831921415,-0.0022572203902808644,0.0025423924404932826,-0.0017060734406889545
266869933,,,,
267178045,,,,
267755229,,,,
267822866,-0.0073698127073485165,-0.002953874270547688,0.009104810219791627,5.427359873540742e-4
2680565180,-0.007195048125918226,0.0037282223212123664,0.0033569376112014466,0.015068824140033079
2688374084,,,,
268989775,,,,
268991406,,,,
269379415,,,,
2696591883,,,,
269705594,-0.007190436355354017,-0.003421962472250176,0.0022132398184455055,-0.004328075266465273
269860000,-0.00719038080769082,-0.005663142014209757,0.011549959549338447,-0.0057004630705911295
270000707,,,,
270033444,,,,
270228894,,,,
270275936,,,,
271031808,,,,
271606503,,,,
271928157,,,,
271959891,,,,
272159341,,,,
2729000494,,,,
2729164919,-0.0071434690852220555,-0.006878953345117208,0.0026629039829118325,-0.006068354790067509
2731539329,,,,
2732371425,-0.007142326169596332,-0.003835171966655076,0.0036589983717477733,0.011534908146565031
273619782,,,,
273905105,,,,
273905774,-0.007161412578975945,-0.0016670434082995083,0.009752038424906163,0.012949283223763071
274066524,,,,
274180153,-0.007183998554905507,0.0026018509462255226,0.007045597392990671,0.009964746153373503
274642725,,,,
275802423,-0.007356764507361089,0.0062968751695368615,0.00402844079939968,-0.0029947065858481237
2763182900,,,,
276409755,,,,
277462026,,,,
277566049,,,,
278505896,-0.00781412663133205,0.0011307529626744387,3.8160267795057625e-4,-0.005213351578627866
278600099,-0.007814447693603756,0.009212608943738421,0.002165418620924336,0.004285476436233693
278620151,-0.007811671236300362,0.00751765139232443,-0.0011885706146888924,-0.007298317236204357
2787299937,,,,
279964815,-0.007572587181693748,-0.00904841107730427,0.004793103285706493,-0.010331376903254757
280577347,,,,
280702564,,,,
2807061,,,,
281106904,,,,
281583744,,,,
2818815209,,,,
282110881,,,,
282159522,,,,
282168528,-0.007576413540582458,0.001847464375290584,0.001315011677524901,0.0038311077748022734
282230500,,,,
2826699668,,,,
282814299,-0.007576108291994865,-0.005316546481403298,0.0014586655406455418,-0.0040530300578962815
2829847233,-0.008474589173720386,0.002870696293058113,0.009484317143204439,-0.011064555339644955
2830256525,-0.008287326620570431,-5.5317177837565806e-5,0.0034332640817115617,-3.23197302487686e-4
283785561,,,,
284087730,-0.007311002841517173,-0.016698619327129464,0.008856484295431066,-0.001584181856418183
2841107987,-0.00825636160964703,-0.006577529287667075,0.0025876699344892103,-9.88796211925345e-4
2843585524,-0.008283501217813101,-0.010051834252133796,0.001041890222046418,8.855056525703818e-4
2851950957,,,,
285350513,,,,
285739107,-0.008045748191113512,-3.8657384816195953e-4,0.002465030483142256,-0.005497455481630351
286210085,,,,
2864544752,,,,
286467194,-0.00783215438200218,-0.009092127674177499,2.0709835743587537e-4,0.0028551680641120437
28717597,,,,
287305318,,,,
287651437,-0.007854288829905163,-0.006703137358470999,0.0086426529064587,-0.0023471743800667906
287903719,-0.00781326492606157,-0.007051199747048696,0.008041027153802487,-0.001802032887344522
2879304695,-0.00783237053299925,-0.0049491471512677155,0.0020608702935782162,0.009935804982528669
288217750,,,,
288565086,,,,
288840938,,,,
289785441,-0.007550420177096351,-0.008255737733640524,0.0011142843631298343,0.0085395340280876
289844440,-0.007550369138765589,-0.010301714931329675,0.002050485270984607,-0.01802822792033125
289927627,,,,
291928027,-0.007599836164360276,-3.38799111514304e-4,0.0030714176407920374,0.0018719276570911929
2922065008,-0.007334437524126671,-0.00981522188400938,8.050786988452735e-4,0.0026476824551534654
292346678,-0.007599836164319467,-3.3885519539121275e-4,-8.205895445070414e-4,0.0021932871839948492
292620974,-0.007599836164319423,-3.388553691519718e-4,-0.003044424875115994,0.002195834512642685
2929271,-0.007335708945017376,-0.00827825346659653,0.00430253107723431,-0.008439941857202768
293155290,-0.00738474456531377,-0.02029126652314178,-0.004082240187448152,-0.0019563488212607735
293375471,-0.007384757994416118,-0.0196047195186246,7.612204199167124e-4,-0.0012807939493286956
293771058,,,,
293966324,-0.007384742374663311,-0.020500905532569832,-0.015483694099226404,0.005405772828862621
294048159,-0.007384754445388409,-0.020882350346193297,-0.0016723743339091572,1.9873708277723945e-4
295100531,-0.007385096776276415,-0.011366113072723226,8.110116896421929e-4,-0.006818439745949076
295776552,,,,
295813014,,,,
296473376,-0.0073947725133737905,-0.001301539945798087,-2.0327215485644188e-4,-0.007730986055823554
296972280,,,,
298175262,-0.007387466439267718,-0.014476065523504361,-0.0017360082880992507,-0.009417085694558704
298217417,-0.007946354703847329,0.006487922304743996,6.982455119694901e-4,0.0015520441177730498
299819199,-0.007247458067548957,2.0365771004546965e-4,0.010510032949674827,0.019642428649379387
300182471,,,,
3002154433,-0.007249664007435992,-0.005166137394538922,-0.006743538857839562,-0.01065992092460497
301053691,,,,
301086452,-0.007946354443634555,0.00644940928750831,-0.00828660107526439,0.0066533535155711985
3011155065,-0.007654558135915202,-0.00872782683644911,0.0027599408613848382,0.004743243919518973
3018490043,,,,
3019665191,,,,
30427641,,,,
304288652,,,,
3053236541,,,,
305884932,,,,
306366620,-0.00747993578784211,0.0014415669445308772,-0.004070183549937676,-0.0019551865298824654
307500420,,,,
307558981,,,,
307796858,,,,
308023430,,,,
309093251,,,,
309674795,,,,
309817388,,,,
309834506,-0.007654560257648417,-0.008534630896482279,-0.001935028940838615,0.006371028042798999
309963587,-0.007908215406000662,0.0028297056515091245,-6.430694408713143e-4,-0.00818474500771574
310306220,,,,
311623037,-0.007700851880518311,-0.012040368237985067,-0.0010031349496692835,-0.02522543164606558
3119671186,,,,
312274349,,,,
312314782,-0.007946366252441345,0.007065694533779672,-8.064770493228846e-4,-0.013675021787050625
313538699,,,,
314110107,,,,
314657942,,,,
314906367,,,,
315397749,-0.007946116961830967,0.001403090967060598,-0.005227208980515091,6.931639476793602e-4
316408651,-0.007946366004887307,0.007030343122339567,0.0025735508350929344,-0.010107415867782984
316674262,,,,
317963051,-0.008078127905564086,-0.01466928124628155,0.012764568636986069,-0.007734880789446343
3195039203,,,,
319893680,-0.008082384801518152,-0.014313421019894228,-6.114269070571159e-6,-0.010391859793859358
320069526,,,,
320991472,,,,
321332405,,,,
323626064,-0.007946080106462429,1.2098423839538556e-4,-0.004639717042550067,-0.010429548427584761
3238744313,,,,
324056945,,,,
3244530237,,,,
325547923,,,,
325799830,-0.007908217335953562,0.0030007041358742557,-0.004445223558336534,-0.010549243291096484
326404869,,,,
328938599,,,,
32965067,-0.009702064328223717,-0.011250896120396954,-0.014387851267258646,-0.013795530020670315
329747674,,,,
330245793,,,,
331021680,-0.00948410569246216,-0.016709433593019223,0.0059480686115436455,-0.007663672684430152
3317915681,,,,
33180244,,,,
332329799,,,,
3331260777,-0.007908215406226195,0.0028299068344014196,0.003574616714808955,-0.008977487687878134
333671522,,,,
334947951,,,,
3358760710,-0.009496193916690003,-0.00609857995244897,0.0022584755816872017,-0.005589001941542422
336619113,,,,
337688907,,,,
337894475,-0.00948695571156644,-0.006745323297463226,0.003581162194973056,-0.004006346201378857
3386151345,-0.009212231352038434,-0.00723577433089282,9.059087893914571e-4,-0.005689038704863309
3392112681,,,,
3400443406,-0.009212267950055782,-0.005962750819134326,0.005953582207673218,0.006867579465379459
3426970438,-0.009212266076179991,-0.006119492727019142,0.005734445761282696,-0.0017449240147319953
342937051,,,,
3438975220,-0.009219142932685324,-0.0026192024974935856,0.005220189469894091,-0.005201176657723284
343933160,-0.009219142932685324,-0.0026192025157247634,0.0036312200398467263,-0.005200776611375625
345379807,,,,
347033632,,,,
347508613,,,,
347541399,,,,
347887648,,,,
348061221,,,,
348483722,,,,
350970659,-0.00996992638162349,0.011103230308854453,0.004636283752095666,-0.0032957209149458407
35212055,-0.009005066118182527,-0.0072093688628303825,-3.084879467561716e-4,-0.011902447837850043
352609426,,,,
353157643,-0.009002724858050891,-0.012580726484932848,-2.4095026947174245e-4,-0.003194393023155994
355599590,,,,
356223962,,,,
357505722,-0.008702675285632889,0.003610568348968217,0.0027572674386815983,-0.008723189893084541
360138123,,,,
362711581,,,,
364926596,,,,
365601773,,,,
366021458,,,,
366137621,,,,
366330219,,,,
366504273,-0.009820679294133145,-0.0051058365494582305,2.2188551913704366e-4,-0.006091192803095786
368240936,,,,
369119239,-0.009307170562803342,-0.006472546496007724,0.004072194377596441,-0.007785423758260597
369766002,,,,
370198165,,,,
370703073,,,,
370716799,,,,
37226226,,,,
373450689,-0.009193439719851051,-0.011500528045226627,0.005592169331453211,-0.007141779914195329
373543845,,,,
373836761,-0.009181958357671202,-0.010883393513887915,0.0019225463925257552,-0.005862577170803936
373854031,,,,
374117949,-0.008717024453391037,-0.004773504965944456,0.002881496480895216,-0.006854582989977002
375282679,,,,
376398001,,,,
377304450,,,,
378049330,,,,
379884569,,,,
3803421753,,,,
381514524,-0.008657743005214923,-0.0012667407241887746,0.0049069221427272295,-0.007055907659188697
381842671,,,,
382292695,,,,
382297966,,,,
382592853,,,,
383466744,,,,
38488888,,,,
384988741,,,,
385315901,,,,
386664361,-0.00860957262390723,-0.017214130962200553,0.012290370207683206,0.006774843285734742
3870010583,-0.008548805538492068,-0.0035718750059605003,0.00618577967651153,-0.005478979788061247
387172258,,,,
387554172,-0.00803749926250592,-0.0024035318155429313,0.00953179371946753,-0.002697758232261238
388143537,,,,
38900042,-0.008036377184141841,-0.005672950042986534,0.0018014052174378555,-0.005148456194268402
391381031,-0.00799818234759186,-0.019985668205553447,-0.0023230962752512096,-0.0072620687884582475
391512389,-0.00774461835808196,-0.009477213993510203,0.0019097569276652548,-0.005745030949369173
392519677,,,,
393440445,,,,
394511962,,,,
395868680,-0.007931947161385077,-4.626988125729926e-4,-0.005825243138450633,-0.009105800541709539
39604163,,,,
396461846,-0.0076514478373261125,0.001028444228459116,0.006749637507121703,-0.005344295722117012
397089171,,,,
397899716,,,,
39842001,,,,
398727541,,,,
398893820,,,,
398958962,,,,
399523983,-0.00740323024068769,-0.010040551549243734,0.007128982938986843,-0.0036219214551803376
400112904,,,,
400800462,,,,
401336255,,,,
40207877,,,,
402079955,,,,
402944529,,,,
404352921,,,,
404989913,-0.0071295330690939965,0.0011375317881217463,-0.0024159790867581206,-0.003913182225068109
405470407,,,,
405842075,,,,
406220103,-0.00731646285533118,6.867634212934027e-4,0.0016285894588056438,-0.0030263352567272473
40629476,-0.007293546720337633,-3.2841152987139906e-4,0.003298994878246078,-0.004884155871757974
407064010,-0.007260414637727848,0.001967383780164137,0.006012517790849138,-0.004765376745490244
407966868,-0.006330937970854533,-0.007700694965830821,0.0031252889726042844,-0.006331176281320408
408516458,,,,
409298455,,,,
409349238,,,,
410276607,-0.006973885637954608,-0.0014875144501631903,-0.001063653168686692,-0.0029683556282840834
410821461,,,,
410934565,,,,
411617306,,,,
412269442,,,,
4127527641,-0.0064239897825365206,-3.2213432732609284e-4,-4.644530160262891e-4,-0.004738093533187577
413201430,,,,
413201999,,,,
413286526,,,,
41335841,,,,
413822334,,,,
414070217,,,,
4144411,,,,
414676277,-0.006423989746098184,-3.2871154652454614e-4,-8.701104073668399e-4,-0.004562642859117021
416236227,,,,
416278090,,,,
416654500,,,,
417046876,-0.005908213365977187,-9.062225057847351e-4,0.0037865880617740737,-0.00407063998064498
417272286,,,,
417715386,-0.005173795508392865,-2.760387549798285e-4,-0.002233522078177053,-0.004630534053018119
418134860,,,,
4188236656,-0.005152953824343885,0.0037087825642758976,-0.006426174876684452,-0.004540172920524913
419480919,,,,
419513536,,,,
419767484,,,,
421369323,-0.005599374050609309,0.002789166874060243,-0.0036445072802598812,-0.006134831988552617
421527393,-0.004874579861572765,0.0014558245738559414,-0.005168389501022947,-0.0036349138488452793
421899963,,,,
42213713,,,,
422822617,-0.005037463448622411,0.0020410597525813102,-0.0031497736382022305,-0.0027401416652430466
423404340,-0.004584424752286979,0.0023112818511611456,-0.007491961646024971,-0.011912075286802572
423667871,,,,
42424530,,,,
424266714,,,,
42463356,,,,
425404135,,,,
426049184,-0.0038482708749570244,0.008399107462797059,-0.020914396504364614,0.005110756585286458
426807906,,,,
426914950,-0.004235645670892723,0.0018995421730414507,-0.0036811589928779365,6.925348707680744e-4
426929508,,,,
4272969521,-0.00425552600745764,0.0019406683952493773,-0.005855317099066513,-0.005224113688088478
428068123,,,,
428178800,,,,
431493811,,,,
431729868,,,,
433293342,,,,
433537359,,,,
433587087,,,,
434402784,-0.0036492528885197282,0.0022393651547944044,-5.313461165474599e-4,-0.010987640763788662
435767431,,,,
436143863,,,,
436503794,,,,
439522338,,,,
439917968,,,,
440266288,,,,
441805035,,,,
442847392,,,,
442932348,-0.002999235411638873,3.348157341305854e-4,-0.011193139420581817,-0.015434207475219439
44395206,,,,
444174984,,,,
445460963,,,,
445719648,,,,
44640535,-0.003284700754918955,0.0014732815467712879,-0.008053990538617715,-0.01810402272737104
4469284289,-0.0032846961888327157,0.0019227837953902807,-0.0022879964190965652,-0.01811231847594652
44910987,,,,
449172826,-0.0031751546320421013,-0.0038806231197467023,-0.0032473244317205523,-0.007105537069059379
449653196,-0.0030731834189868445,3.5137452956757333e-4,-0.008996052070256059,-0.009521303344363581
449776192,,,,
451615674,,,,
452376544,-0.002918942738399637,0.006535323773036805,-0.007438305597338393,-0.014046247348123618
454350363,,,,
455118082,,,,
455199431,,,,
455305254,,,,
457778717,,,,
45818188,-0.0027296668913646396,0.0027013661917760553,-0.004351548043473121,-0.012063760779383233
461350407,,,,
462324307,,,,
463168125,,,,
46358249,,,,
46366986,,,,
463773375,,,,
464066873,,,,
464578148,,,,
464683841,,,,
467551209,,,,
468701545,,,,
468764833,,,,
470311651,,,,
471129655,,,,
471180001,,,,
471435286,-0.0025680348171225244,0.002286806869839201,-0.010394275569141619,0.0011739447349572388
471775924,,,,
472031699,-0.0030268508298075683,0.001145544618704763,-0.0023518534973747387,-0.01376685399020627
472157806,,,,
472279211,,,,
473327009,,,,
474012799,,,,
474040746,,,,
475255561,,,,
476733057,-0.0025005645620868318,-0.005467905131935983,-0.005088751723744026,-0.012415444760418367
477052523,,,,
477353712,,,,
478218914,,,,
479921239,,,,
48023856,-0.0027492894072847465,1.4624448873634178e-4,0.010490132215347848,-0.0030973357248684596
48135797,,,,
481379732,,,,
482105697,,,,
4821525983,-0.002204472410768426,-7.883718677822671e-6,0.0025359208059753877,-0.0017148729050872765
482223457,-0.0022044164006414834,-0.001416888468405653,0.0019612896544435503,-0.009948808453524903
48298430,-0.0021793153533075245,-0.00227242928308493,9.282432674114592e-4,-0.0024809890974396335
484022167,,,,
4851338417,,,,
485591826,,,,
485677207,,,,
486393735,,,,
486431538,,,,
486596335,,,,
489002566,,,,
490493277,,,,
491327393,,,,
491353458,,,,
491482525,,,,
491571562,,,,
495433008,,,,
497396408,,,,
49767631,-0.002179316794493132,-0.0022155154501855598,0.0012060061767771683,-0.0011199577937533692
498778613,-0.0014624542078194842,-0.0038234957451947936,-0.008116616227986033,-0.0072624511152924115
49954027,-0.001427106116483713,-0.0010369163645945637,0.0021531013461737886,-0.0022006872032399863
503571190,,,,
504685390,-0.0018689765223380698,-0.005662916130642379,0.006121903723359661,-0.003644388450092293
512083476,,,,
514122826,,,,
514235450,,,,
514294276,,,,
514294570,,,,
515343475,-0.0018001115657166294,-0.003650531467140253,0.005566559219141969,-0.003583132436588912
515830365,,,,
516291658,,,,
517857229,-0.0017720245445024456,-0.0025196154174894608,0.01832022142591631,-0.0017612909025236266
518017851,,,,
520263690,,,,
521550536,,,,
521762393,,,,
522523887,,,,
522589709,-0.0017707054825087751,-0.004563511968057804,-0.0020060542240117668,0.008248700314169638
523334610,,,,
524589700,-0.0011452790582471054,0.00720071253030931,-0.005261536693932772,0.010948230479216276
526408330,,,,
526717086,,,,
53140494,,,,
53353990,,,,
537928516,,,,
538090070,,,,
538422848,-0.0012791388961922285,-0.006231844212755774,-0.005448869495673882,-0.0016196855891286819
539043859,-0.001076606746122123,2.5324476613762206e-4,-5.437018828957117e-4,-0.004818940535654886
539205424,,,,
540155639,,,,
54036470,,,,
540841106,,,,
54200609,-0.0010766176367054438,8.540086965191268e-4,-0.006235406305163617,-0.0040888271815612475
542408644,,,,
545330907,,,,
545367458,,,,
546778807,,,,
546821268,,,,
54886012,,,,
549192198,,,,
549342409,,,,
550043578,,,,
552073701,-8.131182402882588e-4,-0.0011913007373116655,-0.0016603202402026142,-0.0013453779369311596
552590450,,,,
552735606,-7.933406531093487e-4,0.001958401967291469,-0.004513299021273843,-4.166540528060678e-4
55273629,,,,
552887621,,,,
553038404,,,,
554243239,,,,
555078357,,,,
555887448,,,,
559732488,,,,
562137743,-5.145936350840681e-4,-0.003627016350306354,2.2507400094690355e-4,-0.01101770679850783
562906441,,,,
563997934,,,,
564025760,-5.145977084591336e-4,-0.003406530191126869,0.010074764759316596,-0.011168095577710722
564946470,,,,
566577822,,,,
567153985,,,,
567563471,,,,
569313276,,,,
569493025,,,,
570895985,,,,
574493747,,,,
574988345,-4.929779884566787e-4,-0.0013495773648740618,-0.00171794347864392,0.003072235469566217
576326938,,,,
581195003,-2.2261024205283867e-4,9.557992218472959e-4,0.004053233419573016,-0.004578711301118551
581664629,,,,
583084524,-6.754405557546022e-4,0.0012072649566200351,-2.2153980098795452e-4,0.011381944279961715
584735226,,,,
584764063,,,,
585019292,,,,
585029783,-0.0010568539729975495,-0.005309252441283003,-5.929726567713811e-4,-0.0139339236483922
587015385,-0.0012812677534918579,0.007228386159228401,0.009543205396469672,0.007058444250801652
589951840,,,,
593727161,,,,
595318250,-0.001260887438562924,0.003512541151119689,0.007693878599003513,0.006399199392117765
595551653,-0.0012609082892428975,0.004271871819682964,0.0023071388536324068,0.00509169833537177
59724813,-0.001001117214981172,0.0058373097984476775,-8.909072090396164e-4,-0.0056912520187805135
597360923,,,,
598617147,,,,
599601986,-5.009714488108694e-4,5.400668701790485e-5,0.001106381311647064,-0.0039193706803728485
60159471,,,,
602891547,,,,
60573195,,,,
606425018,,,,
606903482,,,,
607263100,,,,
611858799,-5.009652019737968e-4,-2.374427003307715e-4,-0.01901414709440581,-0.006974623398051257
612604070,,,,
614968224,,,,
61567059,,,,
616130531,,,,
621869197,,,,
62238452,-6.479042977289253e-4,0.001384105537206069,-9.601093650594759e-4,-0.0010293080151085197
62349151,,,,
625749368,,,,
625972293,-6.471165856203279e-4,-0.0028333491624121954,0.005660027468094624,0.015668063730573136
627289583,,,,
627788523,-2.119392500719977e-4,-0.0025296774333115933,-0.0033025269551013392,0.010313740330666957
627791387,-2.1338465287892112e-4,0.0018219736880671713,0.005338188410260816,0.015615430051930912
629391036,3.7215572101940497e-5,0.002236514702164042,0.004087593285737715,-0.0018206869757422036
630366927,,,,
631358275,,,,
632155362,1.1493508819868497e-5,0.003485545690190844,0.005494789044441715,-0.017326860894902922
632756332,,,,
634204848,0.0010107322759828937,-0.0027275991509501394,0.00431678572819861,0.010009976693687788
634437625,2.8055075767049906e-4,0.003861765090804088,-0.0013579296513857766,-0.004572502721622995
635447094,,,,
635517540,,,,
635611864,,,,
636278979,,,,
636858312,-1.135728247910149e-4,3.65138981888891e-4,0.003084963945948238,0.004779849406820603
63690054,,,,
63765675,-1.1356940788914781e-4,1.973044056074176e-4,0.009251728876682871,-0.004370874179775597
64721604,3.38251207653241e-4,0.0017733109274490504,0.0043755381927931625,-0.0037665686369348643
64794485,3.5933685562996876e-4,0.00239446758438603,1.4905231941879227e-4,-0.02925492676940707
6513132,,,,
66647957,0.0010427919904998782,-0.0025211502707309288,0.0020264357614739534,-0.010324854513383344
69326657,,,,
700098226846883840,,,,
700512633,,,,
700748574,,,,
700872427,,,,
701199517,,,,
702796319,,,,
703585653,,,,
705663958,0.0011837559286202197,-0.0023620456488324454,5.467617228535176e-4,-0.005433815632322246
70650905,,,,
706595102479745025,,,,
706800674,,,,
710801125,,,,
711196684,,,,
712779981,,,,
71297565,,,,
713377330564112388,,,,
715299046,,,,
718199346,,,,
719333953568686080,,,,
720553719855714305,,,,
722972360,,,,
724341781,,,,
726059264,,,,
730038321494282241,,,,
730218542,0.0011837438778934408,-0.001897110393173862,-0.006161413276721469,-0.010030195606608913
730863858,,,,
73341746,0.0011837438793106,-0.0018983274847848971,0.00988348580372935,-0.005652616252348361
738964484,,,,
73927838,,,,
749341412,0.001209146826299415,8.612884698284566e-5,0.005839253370680403,-0.005131154110345518
749945567996940289,,,,
751322413,,,,
751358784522612736,0.0012287334892230987,-0.001386502477232196,-0.0026305552518266035,-0.012424916909264202
752136151222349825,,,,
752189814,,,,
755265594,,,,
757402340,,,,
757521878,0.0015542084233148058,0.0011459709230183044,0.004629065106274833,-0.008100118260719878
75804609,,,,
759432463,0.0015540668630339286,0.003973937562098815,0.004802729867947818,0.010232397972406992
760368444,,,,
76080332,,,,
760984117,,,,
76408592,0.0018406504630922632,0.0024342925367546384,-0.0031800972102612075,-0.008187170601505162
765820284691738624,,,,
76593802,0.0013688327927648823,-0.001807569468342126,0.009544633346482286,-0.00675729223981312
768796535899512833,,,,
772248756,,,,
773628744,,,,
774127928,0.0018939861941556235,0.0017025628993351915,-0.023756027866737296,0.008799668552487185
778248358993530880,,,,
780217201,,,,
781096004691038209,,,,
784485949,,,,
785637630,,,,
786079081163005953,,,,
786373561,,,,
786857571365847040,,,,
789082771,,,,
79124132,0.0012132314901942794,-4.785409098196137e-4,-0.007557246414628574,-4.1403585594344095e-4
791585709446553601,,,,
792845850783416320,,,,
800256516,,,,
801009818,,,,
801743263724171264,,,,
802003945,,,,
802113830,0.001213116857937545,0.0014674241120736055,-0.001504441839827116,-0.011145294545836832
803403330,,,,
804478111,,,,
804951360,,,,
806750629,,,,
80853822,0.0017328644403943965,-0.002631151629446965,0.001782865721349648,9.548564765171865e-4
809054911,,,,
809116928,,,,
81571983,0.002199114977724511,0.0037795522563690994,-0.006694652486703584,-0.0034055937696717484
817675694,,,,
817869656,,,,
818058961,,,,
81831996,,,,
822578852404858880,,,,
823332823,,,,
823842770,,,,
82408359,,,,
827118558,,,,
829345897,,,,
829411700,0.0024633458654100674,-8.905311992353156e-4,0.005196331083780924,-0.00674941657303057
830826918,0.003425013419341553,0.0022913808870141995,-1.6302579105090956e-4,0.011804956110437664
83189891,0.0034251329737016722,1.775485161483694e-4,0.012250935898658505,0.016016134042000297
834084575022288897,,,,
834188653,,,,
83427283,0.0029845810916208147,7.980746670777514e-4,0.002558745824163046,-0.007385085163123039
83540551,,,,
839490360,,,,
842406020374790144,0.0034928667800451676,-0.002683195945644522,-0.0053331822080483,0.006799539477376317
842413836,,,,
843035015747395584,0.003902259763028095,-0.009329542121577024,9.761968746957393e-5,0.013077223106450734
846301771,,,,
846363044,,,,
847087711,0.003733415070821063,0.0015793023948943758,-0.004733220343296653,-0.010317842257901054
847169983,0.003733285254828197,0.004351183445983828,0.001992344337435296,-0.00547619130153755
847200352529207296,0.003330838986774176,0.011506575430538813,0.010608839156776495,0.007728511875480769
848255026220892160,0.003856012753295421,-0.00298039291554092,0.0012524562744912204,0.0018458207464619543
853342820,,,,
854999327915356160,0.004093312467011948,-0.00232116603175418,-1.1213715763228231e-4,0.006164957492850729
855174284,,,,
855838436615483392,,,,
856852070,,,,
859816812,0.005074662412969102,2.561095287744212e-4,-0.017285274749634257,0.013525496628294368
860048545453395968,0.004600552770667273,0.004477441920873317,0.0015827689733677777,1.6733509226989643e-4
862224133006008320,,,,
86298377,,,,
863125111,,,,
863178198,,,,
86360911,,,,
865006489,0.004447026984995974,-0.004648847942537623,0.004548897353693126,2.7072237296094537e-4
86504484,0.00444480580553144,-6.343540024964433e-4,0.0046877441765222965,-0.0038440023380841926
865412436,,,,
868031023,,,,
87061526,0.00492171072051334,-0.004969085510157011,0.002596786319391797,-0.005133396541147117
871939380675530752,0.004735472724396377,-0.007154928571923738,-0.004823083811972599,0.00380885438182572
874239445,,,,
87485942,0.0045452510205764695,-0.004274742913910415,-0.005811756798638313,-0.009569194137864426
875241254,,,,
87575128,,,,
878824075,,,,
87894083,,,,
879663255685345280,,,,
879722828,,,,
880457190,,,,
880484906,,,,
883375794810171392,,,,
88385100,,,,
892791282,,,,
895077181,,,,
896014158,,,,
89751520,,,,
898229731748978689,,,,
900341914817490948,,,,
90046725,,,,
901414373050241024,0.004380998961879086,0.010933523319257043,-0.0121804549918201,-0.009272150822420578
904325034,,,,
90435593,0.004381198167661785,0.007733260946260394,0.001532273415490027,0.015172341135683071
905660725,,,,
905915190,,,,
906316307771088896,,,,
90653296,,,,
908280829,0.0043800537667411914,-0.0037334407890770188,0.00504096764448083,-0.013540763312869691
90862588,,,,
913849901230034944,0.004836821791888969,-0.004743461711927066,-0.004729553695003361,0.0029036624340326813
91446925,,,,
916040289021816832,0.004575213913263518,0.0018784881080892003,-0.0012687474501741067,-0.008558887347136761
917320555,,,,
917329405,,,,
921390373,0.004477433753086303,-0.0030308765859341615,-0.005146863692196004,-0.0021170703852550566
921733452,0.004972500021135828,-0.0015667160567471835,-0.03207671553725563,0.011357825115122698
922798422725480449,,,,
923999535977959429,,,,
924655107043745792,0.004972193586703261,-0.004063496581980691,-0.00979727971870958,-7.837497551966578e-4
924936006230568960,0.005180777307022686,-0.003347182326906368,-0.013245995193430012,0.015566613246643834
925903474595913729,,,,
927576840,0.005663092259397806,-0.007170046978931559,0.0059603484342729265,0.01904670325223483
928376779,,,,
929541596,0.0054535704246081226,-0.006000826288785122,-4.4997340460275337e-4,0.008297122038129792
930100881860767744,0.004816499491400145,-0.00110598108944751,-0.0015815475021101679,0.005053740572263837
930473056732106752,0.005529997761142304,-0.004522865579966799,3.8761620908286373e-4,0.015178633120609884
93075908,,,,
931535710733160448,0.0057661315843980255,-0.002467369676615929,-0.025475293672607716,0.002158500336373587
931575979,0.0058256933197375765,-0.003802137187861943,0.00847343903710488,-0.008282550817435917
933106328,,,,
935435796,,,,
936469189,,,,
938203620599910401,,,,
938770404,,,,
938805471347204103,,,,
93936231,,,,
939907569669242880,,,,
939996960,,,,
9409772,,,,
941193151,,,,
94387415,0.00627731742429501,-0.005613496397752684,-0.013104370609677804,0.0015643665520244283
94440356,,,,
946079196,,,,
946426898,,,,
94686612,,,,
947615879918948353,,,,
94819525,,,,
948548964,,,,
959495214313418752,0.00653824284827487,-0.009689597187053377,-0.00154118778961199,-0.0031359834767295445
95959944,,,,
960892699,0.006765406268470909,-0.008457610949846896,-0.016565933126512083,0.007883208953724278
961976897818148865,,,,
962017492871782400,0.0067654117678017465,-0.008692856684829352,-0.011840306668017086,0.008596273977490396
963135228,0.006128708513815774,0.006124597252247256,-0.009443096032541223,-0.014302160830491831
964882602,,,,
967757354170232834,,,,
968825124903358464,0.006620473378509947,0.003951386185256843,-0.026126752225811727,0.01253062446123753
968899727554162689,,,,
974527578,,,,
974625877,0.007313481431419888,-0.0017302339552384186,-0.008392563199384733,0.005427966039659619
976968104,,,,
977002692,,,,
978300138,0.006885703405856476,-0.002992286510009868,-0.00709858595108041,-0.006594658018646833
978661536,0.007152243633863593,-0.003872618939529482,-0.025286629395120587,0.002368777398204878
984914714,,,,
985177309,0.006725118360302332,0.0012063492778756045,-0.007753534614128085,0.009315261285412171
985232029,,,,
986564599,0.006725102778650782,0.002091299858384967,-0.028513964496405805,0.015519574665073244
987047298,,,,
987919560,0.007215866578585352,-0.0032873117296163897,-0.024586913279284656,1.174579377832584e-4
991033926,,,,
994137028341190656,0.007460734870081237,-0.004106731871115388,-0.008864087981701454,0.00926732630030915
995202858,,,,
995358710,,,,
996949632,,,,
99735854,,,,
997423056,,,,
997521854,,,,
997545717085491200,,,,
