tweet_id,user_id,retweet_count,favourite_count,source,created_at
1333829497968324610,975621206,0,0,Twitter Web App,2020-12-01 17:45:08
1301818492438577153,975621206,0,0,Twitter Web App,2020-09-04 09:44:49
1336330868969750531,975621206,0,0,Twitter Web App,2020-12-08 15:24:41
1330182443140325376,952785962,0,0,Twitter for Android,2020-11-21 16:13:02
1337716148767518721,885165770,1,2,Twitter Web App,2020-12-12 11:09:18
1337476130761297923,885165770,0,1,Twitter Web App,2020-12-11 19:15:33
1337120458072862720,885165770,0,2,Twitter Web App,2020-12-10 19:42:14
1337020551861317632,885165770,2,1,Twitter Web App,2020-12-10 13:05:14
1336045723897442305,885165770,0,2,Twitter Web App,2020-12-07 20:31:37
1334389110249754624,885165770,0,0,Twitter Web App,2020-12-03 06:48:50
1347632513964007429,885165770,0,0,Twitter Web App,2021-01-08 19:53:23
1346416936104689664,885165770,0,3,Twitter Web App,2021-01-05 11:23:07
1345781074140532736,885165770,0,0,Twitter Web App,2021-01-03 17:16:26
1345682905918550022,885165770,2,3,Twitter Web App,2021-01-03 10:46:21
1342774226114244611,885165770,0,0,Twitter Web App,2020-12-26 10:08:17
1341278088446001153,885165770,0,2,Twitter Web App,2020-12-22 07:03:10
1337715276675211265,885165770,1,1,Twitter Web App,2020-12-12 11:05:50
1368115807788630017,885165770,1,2,Twitter Web App,2021-03-06 08:26:41
1363769332224958466,885165770,0,0,Twitter Web App,2021-02-22 08:35:21
1360527553786753024,885165770,0,1,Twitter Web App,2021-02-13 09:53:40
1360222648664522752,885165770,0,1,Twitter Web App,2021-02-12 13:42:05
1356241513374752772,885165770,0,3,Twitter Web App,2021-02-01 14:02:29
1355484769790947329,885165770,2,1,Twitter Web App,2021-01-30 11:55:27
1355126224893448192,885165770,2,2,Twitter Web App,2021-01-29 12:10:43
1354857322141655040,885165770,0,3,Twitter Web App,2021-01-28 18:22:12
1343979982775844865,1328937696,0,0,Twitter for iPhone,2020-12-29 17:59:32
1343486022391365632,1328937696,2,3,Twitter for iPhone,2020-12-28 09:16:43
1337716462157488128,1328937696,2,1,Twitter for iPhone,2020-12-12 11:10:32
1337719711480549382,1328937696,0,1,Twitter for iPhone,2020-12-12 11:23:27
1339131800350842881,1413049219,1,1,Twitter for Android,2020-12-16 08:54:35
1337712250988224512,1413049219,3,10,Twitter for Android,2020-12-12 10:53:48
1337147455046086659,1413049219,0,2,Twitter for Android,2020-12-10 21:29:30
1350776456566157316,1413049219,0,0,Twitter for Android,2021-01-17 12:06:18
1345783062081261568,1413049219,0,1,Twitter for Android,2021-01-03 17:24:20
1340347396300148738,1413049219,0,0,Twitter for Android,2020-12-19 17:24:56
1344204099923959808,1413049219,0,1,Twitter for Android,2020-12-30 08:50:06
1343536066465320960,1413049219,0,1,Twitter for Android,2020-12-28 12:35:34
1340762839775145990,1413049219,0,0,Twitter for Android,2020-12-20 20:55:45
1339612782443032577,1413049219,0,0,Twitter for Android,2020-12-17 16:45:50
1339169036517711873,1413049219,0,0,Twitter for Android,2020-12-16 11:22:33
1345685269496868864,1413049219,0,0,Twitter Web App,2021-01-03 10:55:44
1338429849933901826,1413049219,1,1,Twitter for Android,2020-12-14 10:25:17
1345837717972779008,2234660111,0,1,Twitter Web App,2021-01-03 21:01:31
1345839845768392705,2234660111,2,2,Twitter Web App,2021-01-03 21:09:58
1346466144404656135,2234660111,0,0,Twitter Web App,2021-01-05 14:38:39
1346843346082390017,2234660111,0,0,Twitter Web App,2021-01-06 15:37:31
1302185879499399169,3247600917,3,7,Twitter Web App,2020-09-05 10:04:41
1303952343264899074,3247600917,0,1,Twitter Web App,2020-09-10 07:03:59
1315224987096084480,3247600917,1,0,Twitter Web App,2020-10-11 09:37:27
1323601845319860231,3247600917,3,4,Twitter Web App,2020-11-03 12:24:05
1311949992257519616,2575566397,0,1,Twitter Web App,2020-10-02 08:43:47
1262828176897650689,2575566397,0,1,Twitter Web App,2020-05-19 19:31:14
1250159062014201857,2575566397,0,0,Twitter Web App,2020-04-14 20:28:41
1310983184457363456,2575566397,0,0,Twitter Web App,2020-09-29 16:42:02
1308838518433746945,2575566397,0,0,Twitter Web App,2020-09-23 18:39:54
1311949998268076032,2575566397,0,0,Twitter Web App,2020-10-02 08:43:49
1253376871951196161,2575566397,0,0,Twitter Web App,2020-04-23 17:35:07
1313404246218469376,2575566397,0,1,Twitter Web App,2020-10-06 09:02:28
1264323861488828422,3336176295,0,0,Twitter for Android,2020-05-23 22:34:33
1337505195476004870,3336176295,0,2,Twitter for Android,2020-12-11 21:11:02
1298593755562479616,3336176295,1,2,Twitter for Android,2020-08-26 12:10:52
1288756637885444096,3336176295,0,0,Twitter for Android,2020-07-30 08:41:41
1284823315635462144,3336176295,1,1,Twitter for Android,2020-07-19 12:12:03
1283624748107300864,3336176295,0,0,Twitter for Android,2020-07-16 04:49:23
1364692588515721218,3336176295,0,0,Twitter for Android,2021-02-24 21:44:02
1326191228678008832,3336176295,1,1,Twitter for Android,2020-11-10 15:53:23
1292867342687449090,1078425340941344771,0,0,Twitter for iPhone,2020-08-10 16:56:09
1292858683039326209,1078425340941344771,0,0,Twitter for iPhone,2020-08-10 16:21:44
1292104457266790401,1078425340941344771,0,0,Twitter for iPhone,2020-08-08 14:24:43
1288744760774205442,953373478937354245,0,0,Twitter for Android,2020-07-30 07:54:29
1288638697257218048,953373478937354245,0,0,Twitter for Android,2020-07-30 00:53:01
1288909772268412929,953373478937354245,0,0,Twitter Web App,2020-07-30 18:50:11
1288514277712826369,953373478937354245,0,3,Twitter Web App,2020-07-29 16:38:37
1352020143623335941,1418405966,0,0,Twitter for Android,2021-01-20 22:28:16
1352019460165660674,1418405966,0,0,Twitter for Android,2021-01-20 22:25:33
1343711358865592320,1418405966,0,1,Twitter for Android,2020-12-29 00:12:07
1342898513978523648,1418405966,0,0,Twitter for Android,2020-12-26 18:22:10
1352023135579725826,1418405966,0,0,Twitter for Android,2021-01-20 22:40:09
1299270333158117377,128278933,0,0,Twitter Web App,2020-08-28 08:59:21
1299257628682530816,128278933,0,0,Twitter for Android,2020-08-28 08:08:52
1348229571833946112,706191568835837952,0,2,Twitter for Android,2021-01-10 11:25:53
1346507799082262531,706191568835837952,0,1,Twitter for Android,2021-01-05 17:24:10
1346506810816143362,706191568835837952,0,1,Twitter for Android,2021-01-05 17:20:15
1344332414290694150,706191568835837952,0,0,Twitter for Android,2020-12-30 17:19:58
1344330307936411653,706191568835837952,0,0,Twitter for Android,2020-12-30 17:11:36
1343207996424413184,706191568835837952,0,1,Twitter for Android,2020-12-27 14:51:56
1342918552634978308,2312306785,0,0,Twitter for Android,2020-12-26 19:41:47
1312490646578458624,2312306785,0,0,Twitter for Android,2020-10-03 20:32:09
1301140315869413376,2312306785,0,0,Twitter for Android,2020-09-02 12:49:59
1364872175023489030,2312306785,0,3,Twitter for Android,2021-02-25 09:37:39
1363524119334125569,2312306785,0,0,Twitter for Android,2021-02-21 16:20:57
1363523189872197635,2312306785,0,0,Twitter for Android,2021-02-21 16:17:16
1363517278638202885,2312306785,0,0,Twitter for Android,2021-02-21 15:53:46
1331337662670774272,2312306785,0,0,Twitter for Android,2020-11-24 20:43:28
1346394822626713600,4429123978,2,2,Twitter Web App,2021-01-05 09:55:15
1336322922579824641,4429123978,0,1,Twitter Web App,2020-12-08 14:53:07
1333367458674192385,4429123978,0,2,Twitter Web App,2020-11-30 11:09:09
1327941864121577472,4429123978,0,5,Twitter Web App,2020-11-15 11:49:47
1327920235060621312,4429123978,0,0,Twitter Web App,2020-11-15 10:23:50
1311696295481020416,4429123978,0,0,Twitter Web App,2020-10-01 15:55:41
1311684932104867841,4429123978,0,0,Twitter Web App,2020-10-01 15:10:32
1311684517585969153,4429123978,0,0,Twitter Web App,2020-10-01 15:08:53
1311684106569355276,4429123978,0,0,Twitter Web App,2020-10-01 15:07:15
1311658724994486273,4429123978,0,0,Twitter Web App,2020-10-01 13:26:24
1300437129739284480,4429123978,10,22,Twitter Web App,2020-08-31 14:15:47
1299022637641990147,4429123978,0,0,Twitter Web App,2020-08-27 16:35:06
1296101307036516352,4429123978,0,0,Twitter Web App,2020-08-19 15:06:46
1293501018408390658,4429123978,16,27,Twitter Web App,2020-08-12 10:54:09
1292830402839810049,4429123978,1,14,Twitter Web App,2020-08-10 14:29:22
1343605820605550594,1458199710,0,0,Twitter for Android,2020-12-28 17:12:45
1320419190302494721,1643863405,0,0,Twitter Web App,2020-10-25 17:37:21
1291663909850624000,1643863405,0,2,Twitter Web App,2020-08-07 09:14:08
1232461585056063488,1643863405,0,0,Twitter Web App,2020-02-26 00:25:14
1025349144964222976,1643863405,0,0,Twitter Web App,2018-08-03 11:54:20
1302122480446906373,1048823190653423616,0,0,Twitter for Android,2020-09-05 05:52:46
1288705592094326784,1048823190653423616,0,0,Twitter for Android,2020-07-30 05:18:50
1331878434746880002,362305215,0,1,Twitter Web App,2020-11-26 08:32:18
1331518800483717120,362305215,0,1,Twitter Web App,2020-11-25 08:43:15
1332983666646142977,362305215,0,1,Twitter Web App,2020-11-29 09:44:06
1346372952032485378,362305215,0,0,Twitter Web App,2021-01-05 08:28:20
1341645178382200833,362305215,0,1,Twitter Web App,2020-12-23 07:21:51
1338847584425811975,362305215,0,0,Twitter Web App,2020-12-15 14:05:13
1338821808930349057,362305215,0,0,Twitter Web App,2020-12-15 12:22:48
1338815506585939968,362305215,0,0,Twitter Web App,2020-12-15 11:57:45
1338734345465573376,362305215,0,1,Twitter Web App,2020-12-15 06:35:15
1259752483905327104,4033663816,0,0,Twitter for Android,2020-05-11 07:49:31
1325543565032902656,4033663816,0,0,Twitter Web App,2020-11-08 20:59:47
1325450744846282753,4033663816,0,0,Twitter for Android,2020-11-08 14:50:57
1325047594817630208,4033663816,0,1,Twitter Web App,2020-11-07 12:08:59
1325033565185257474,4033663816,0,0,Twitter for Android,2020-11-07 11:13:14
1325032739205165056,4033663816,0,0,Twitter for Android,2020-11-07 11:09:57
1322107198147829762,4033663816,0,0,Twitter for Android,2020-10-30 09:24:54
1305891275556691970,1268503059782684673,0,1,Twitter Web App,2020-09-15 15:28:37
1294440805327876096,1268503059782684673,0,0,Twitter for Android,2020-08-15 01:08:32
1315043953138380800,1268503059782684673,0,0,Twitter Web App,2020-10-10 21:38:05
1341654502231990272,4033663816,0,1,Twitter for Android,2020-12-23 07:58:54
1265983819133444100,4033663816,0,0,Twitter Web App,2020-05-28 12:30:37
1345516005108436994,1280577963528986633,2,2,Twitter for Android,2021-01-02 23:43:08
1345151825868156928,1280577963528986633,0,1,Twitter for Android,2021-01-01 23:36:01
1345134651459981312,1280577963528986633,0,1,Twitter for Android,2021-01-01 22:27:46
1343274743823298566,1280577963528986633,0,1,Twitter for Android,2020-12-27 19:17:10
1328067134350647299,1280577963528986633,0,2,Twitter for Android,2020-11-15 20:07:33
1338509436999098380,1280577963528986633,0,1,Twitter for Android,2020-12-14 15:41:32
1330461467716575232,1280577963528986633,1,3,Twitter for Android,2020-11-22 10:41:47
1346889265813327873,953373478937354245,0,0,Twitter for Android,2021-01-06 18:39:59
1328357386571157504,953373478937354245,0,0,Twitter for Android,2020-11-16 15:20:55
1328022613541654529,953373478937354245,0,0,Twitter Web App,2020-11-15 17:10:39
1305506301183746048,953373478937354245,0,0,Twitter for Android,2020-09-14 13:58:51
1304849158671609856,953373478937354245,0,0,Twitter for Android,2020-09-12 18:27:37
1304030008881672195,953373478937354245,0,0,Twitter for Android,2020-09-10 12:12:36
1303670118724046849,953373478937354245,0,0,Twitter for Android,2020-09-09 12:22:31
1303258092105273346,953373478937354245,0,0,Twitter Web App,2020-09-08 09:05:17
1303076580625915905,953373478937354245,0,3,Twitter Web App,2020-09-07 21:04:01
1302711103286378496,953373478937354245,1,0,Twitter for Android,2020-09-06 20:51:44
1300135341530255360,953373478937354245,0,1,Twitter for Android,2020-08-30 18:16:35
1293236511207575553,953373478937354245,0,2,Twitter for Android,2020-08-11 17:23:06
1292919058397122560,953373478937354245,0,1,Twitter for Android,2020-08-10 20:21:39
1243963158903115777,2575566397,1,2,Twitter Web App,2020-03-28 18:08:23
1345134310265860097,2234660111,0,0,Twitter Web App,2021-01-01 22:26:25
1345162988026785792,2234660111,0,0,Twitter Web App,2021-01-02 00:20:22
1345857877983059969,2234660111,0,0,Twitter Web App,2021-01-03 22:21:37
1353672360163946496,1268503059782684673,0,0,Twitter Web App,2021-01-25 11:53:35
1333563735777095680,1268503059782684673,0,1,Twitter Web App,2020-12-01 00:09:05
1332818670196826114,1268503059782684673,0,0,Twitter Web App,2020-11-28 22:48:28
1332131846063321089,1268503059782684673,0,2,Twitter Web App,2020-11-27 01:19:16
1331173598766182400,1268503059782684673,0,0,Twitter Web App,2020-11-24 09:51:32
1331024092514947073,1268503059782684673,0,0,Twitter Web App,2020-11-23 23:57:27
1330559672152190976,1268503059782684673,0,3,Twitter Web App,2020-11-22 17:12:01
1329354752916905986,1268503059782684673,0,1,Twitter Web App,2020-11-19 09:24:05
1329352003567357952,1268503059782684673,0,2,Twitter Web App,2020-11-19 09:13:10
1329350592469331973,1268503059782684673,0,0,Twitter Web App,2020-11-19 09:07:34
1329228253698002944,1268503059782684673,0,1,Twitter Web App,2020-11-19 01:01:26
1328493337876307971,1268503059782684673,0,0,Twitter Web App,2020-11-17 00:21:08
1343134475065155584,1514456504,0,1,Twitter for Android,2020-12-27 09:59:47
1343127607865454595,1514456504,0,0,Twitter for Android,2020-12-27 09:32:30
1343124953357549568,1514456504,0,0,Twitter for Android,2020-12-27 09:21:57
1343124242267828229,1514456504,1,0,Twitter for Android,2020-12-27 09:19:08
1301130412257947649,1949370745,0,4,Twitter for iPhone,2020-09-02 12:10:38
1301118118790664192,1949370745,0,0,Twitter Web App,2020-09-02 11:21:47
1301117211722092545,1949370745,0,1,Twitter Web App,2020-09-02 11:18:11
1301116192183193600,1949370745,0,0,Twitter Web App,2020-09-02 11:14:08
1301115295302643714,1949370745,0,0,Twitter Web App,2020-09-02 11:10:34
1301114629662310401,1949370745,0,1,Twitter Web App,2020-09-02 11:07:55
1301114252053360643,1949370745,0,1,Twitter Web App,2020-09-02 11:06:25
1310976104333803521,1949370745,0,0,Twitter for iPhone,2020-09-29 16:13:54
1310975723792990211,1949370745,0,0,Twitter for iPhone,2020-09-29 16:12:23
1310973460395548672,1949370745,0,0,Twitter for iPhone,2020-09-29 16:03:24
1310970058299113472,1949370745,1,1,Twitter for iPhone,2020-09-29 15:49:53
1310965148635615246,1949370745,1,2,Twitter for iPhone,2020-09-29 15:30:22
1310964757378277378,1949370745,0,1,Twitter for iPhone,2020-09-29 15:28:49
1310953738639757312,1949370745,0,0,Twitter for iPhone,2020-09-29 14:45:02
1310953630372106242,1949370745,0,0,Twitter for iPhone,2020-09-29 14:44:36
607587912075640833,182346790,0,0,Twitter Web Client,2015-06-07 16:40:21
606902761012260864,182346790,0,0,Twitter Web Client,2015-06-05 19:17:48
893565255997161472,182346790,0,0,Twitter Web Client,2017-08-04 20:12:13
651027567198273536,182346790,0,0,Twitter Web Client,2015-10-05 13:34:02
1255212419330310150,182346790,0,0,Twitter Web Client,2020-04-28 19:08:56
1363500091739373575,1084527738210406402,0,0,Twitter for Android,2021-02-21 14:45:29
1363113635409707011,1084527738210406402,0,0,Twitter for Android,2021-02-20 13:09:50
1363056249328316420,1084527738210406402,0,0,Twitter for Android,2021-02-20 09:21:48
1363052995324358656,1084527738210406402,0,0,Twitter for Android,2021-02-20 09:08:53
1363051641004507137,1084527738210406402,0,0,Twitter for Android,2021-02-20 09:03:30
1363028672056295428,1084527738210406402,0,0,Twitter for Android,2021-02-20 07:32:13
1363027593612697600,1084527738210406402,0,0,Twitter for Android,2021-02-20 07:27:56
1362851484237524994,1084527738210406402,0,1,Twitter for Android,2021-02-19 19:48:09
1362850609938989062,1084527738210406402,0,0,Twitter for Android,2021-02-19 19:44:40
1362850141976350722,1084527738210406402,0,1,Twitter for Android,2021-02-19 19:42:49
1360834534900723712,1084527738210406402,0,1,Twitter for Android,2021-02-14 06:13:30
1346404936440049670,1084527738210406402,0,0,Twitter Web App,2021-01-05 10:35:26
1346195750762536961,1084527738210406402,0,0,Twitter Web App,2021-01-04 20:44:12
1357386362794758146,1084527738210406402,0,0,Twitter Web App,2021-02-04 17:51:42
1351790604481687552,1084527738210406402,0,0,Twitter for Android,2021-01-20 07:16:09
1348188144794017797,1084527738210406402,0,0,Twitter for Android,2021-01-10 08:41:16
1345736609682096129,1084527738210406402,0,0,Twitter for Android,2021-01-03 14:19:44
1345734721570004993,1084527738210406402,0,0,Twitter for Android,2021-01-03 14:12:14
1343192261048348672,1084527738210406402,0,0,Twitter for Android,2020-12-27 13:49:24
1364527647150272512,1245405110399905792,0,1,Twitter for Android,2021-02-24 10:48:37
1355179704051970057,1245405110399905792,0,2,Twitter for Android,2021-01-29 15:43:14
1354498755639304202,1245405110399905792,0,0,Twitter for Android,2021-01-27 18:37:23
1353099348192722949,1245405110399905792,0,0,Twitter for Android,2021-01-23 21:56:38
1349338369352994816,1245405110399905792,0,3,Twitter for Android,2021-01-13 12:51:51
1360315092223610880,1941694874,0,0,Twitter for Android,2021-02-12 19:49:26
1338143383710289921,2160727538,0,0,Besocy_Oficial,2020-12-13 15:26:58
1335185785931378690,2160727538,0,0,Besocy_Oficial,2020-12-05 11:34:32
1351893881193975810,54519655,2,7,Twitter for Android,2021-01-20 14:06:32
1347571926928142339,54519655,2,5,Twitter for Android,2021-01-08 15:52:38
1330117267212947460,54519655,0,3,Twitter for Android,2020-11-21 11:54:03
1347874222341812226,88936279,0,4,Twitter for iPhone,2021-01-09 11:53:51
1299643753544798212,398640727,1,3,Twitter Web App,2020-08-29 09:43:11
1341061501029912577,1282259607101100032,1,3,Twitter Web App,2020-12-21 16:42:32
1297194230876647424,1282259607101100032,0,2,Twitter Web App,2020-08-22 15:29:40
1294929565958234112,1282259607101100032,0,0,Twitter Web App,2020-08-16 09:30:41
1349669964878401537,2831727421,2,2,Twitter Web App,2021-01-14 10:49:29
1343193148114219008,2831727421,6,29,Twitter Web App,2020-12-27 13:52:56
1266325527029329921,2831727421,1,4,Twitter Web App,2020-05-29 11:08:27
1347975250546450432,488387930,3,4,Twitter Web App,2021-01-09 18:35:18
1347646403011633153,488387930,1,19,Twitter Web App,2021-01-08 20:48:35
1328257688321617920,488387930,1,2,Twitter Web App,2020-11-16 08:44:45
1352500119644594179,374445155,29,31,Twitter for iPad,2021-01-22 06:15:31
1351873327770591234,374445155,10,31,Twitter for iPad,2021-01-20 12:44:52
1350359430597107713,374445155,6,11,Twitter for iPad,2021-01-16 08:29:11
1349710432857182210,374445155,3,4,Twitter Web App,2021-01-14 13:30:18
1347094898789519361,374445155,0,0,Twitter Web App,2021-01-07 08:17:06
1347094897128591366,374445155,0,1,Twitter Web App,2021-01-07 08:17:05
1347094895383748608,374445155,1,1,Twitter Web App,2021-01-07 08:17:05
1347094893777342465,374445155,1,0,Twitter Web App,2021-01-07 08:17:05
1346380742075547649,374445155,0,6,Twitter Web App,2021-01-05 08:59:18
1346380740821458945,374445155,0,5,Twitter Web App,2021-01-05 08:59:17
1346354610836013056,374445155,2,3,Twitter Web App,2021-01-05 07:15:27
1346077532408442880,374445155,33,56,Twitter Web App,2021-01-04 12:54:27
1343134484624007168,374445155,7,65,Twitter for iPad,2020-12-27 09:59:50
1342888160410431490,374445155,4,3,Twitter Web App,2020-12-26 17:41:01
1341399613958463488,374445155,0,7,Twitter for iPad,2020-12-22 15:06:04
1341343890046148610,374445155,0,3,Twitter for iPad,2020-12-22 11:24:39
1340708720301531138,374445155,1,3,Twitter for iPad,2020-12-20 17:20:42
1340381624299565058,374445155,0,1,Twitter Web App,2020-12-19 19:40:56
1344587000570138624,1137244088,0,2,Twitter for Android,2020-12-31 10:11:36
1260621686300442627,1137244088,0,0,Twitter for Android,2020-05-13 17:23:25
1260607760028270592,1137244088,0,0,Twitter for Android,2020-05-13 16:28:05
1353596487620587521,910604057286512640,1,8,Twitter for Android,2021-01-25 06:52:05
1352694743256461321,910604057286512640,23,30,Twitter for Android,2021-01-22 19:08:53
1351928672056442881,910604057286512640,15,27,Twitter for Android,2021-01-20 16:24:47
1351927326477606913,910604057286512640,15,20,Twitter for Android,2021-01-20 16:19:26
1350810015637139456,910604057286512640,0,3,Twitter for Android,2021-01-17 14:19:39
1350808162488737799,910604057286512640,7,19,Twitter for Android,2021-01-17 14:12:17
1348267904136081411,910604057286512640,0,1,Twitter for Android,2021-01-10 13:58:12
1346826921334734848,910604057286512640,6,8,Twitter for Android,2021-01-06 14:32:15
1345431188572397568,910604057286512640,0,2,Twitter for Android,2021-01-02 18:06:06
1343601937556656130,910604057286512640,2,0,Twitter for Android,2020-12-28 16:57:19
1343559534095314945,910604057286512640,1,2,Twitter for Android,2020-12-28 14:08:49
1343558127191552001,910604057286512640,0,0,Twitter for Android,2020-12-28 14:03:14
1342419833271554049,910604057286512640,0,2,Twitter for Android,2020-12-25 10:40:03
1342419316373917696,910604057286512640,0,2,Twitter for Android,2020-12-25 10:38:00
1342081821111148544,910604057286512640,1,7,Twitter for Android,2020-12-24 12:16:55
1341724366887919616,910604057286512640,2,7,Twitter for Android,2020-12-23 12:36:31
1341413350727708674,910604057286512640,0,5,Twitter for Android,2020-12-22 16:00:39
1337890353203060736,910604057286512640,0,0,Twitter for Android,2020-12-12 22:41:31
1337882890365972481,910604057286512640,5,18,Twitter for Android,2020-12-12 22:11:52
1337869568484773893,910604057286512640,0,1,Twitter for Android,2020-12-12 21:18:56
1352538874237620225,388476199,0,1,Twitter for Android,2021-01-22 08:49:31
1343152803175419907,388476199,0,9,Twitter for Android,2020-12-27 11:12:37
1349815427229233154,389612578,0,0,Twitter for Android,2021-01-14 20:27:30
1345796488438411265,513472981,0,12,Twitter for iPhone,2021-01-03 18:17:41
1341634953126309890,556123844,0,1,Twitter for iPhone,2020-12-23 06:41:13
1334061857603284994,2557045290,0,4,Twitter for Android,2020-12-02 09:08:27
1264490929924255744,79021230,2,3,Twitter for Android,2020-05-24 09:38:25
1326243811497041921,2289735375,0,1,Twitter for Android,2020-11-10 19:22:19
1325905402844897280,2289735375,0,9,Twitter for Android,2020-11-09 20:57:36
1032208308218806272,471321676,2,2,Twitter Web Client,2018-08-22 10:10:12
1352715306968428544,1259457633523830787,2,13,Twitter Web App,2021-01-22 20:30:36
1347958527889985539,1259457633523830787,7,21,Twitter for Android,2021-01-09 17:28:51
1345363114133491712,1259457633523830787,0,3,Twitter for Android,2021-01-02 13:35:36
1342935495869927425,1259457633523830787,11,40,Twitter for Android,2020-12-26 20:49:07
1342775596166819841,1259457633523830787,5,21,Twitter for Android,2020-12-26 10:13:44
1336309477310652417,1259457633523830787,1,18,Twitter Web App,2020-12-08 13:59:41
1348560843252883456,512195466,0,1,Twitter for Android,2021-01-11 09:22:14
1337748034705362944,512195466,0,4,Twitter for Android,2020-12-12 13:16:00
1328369685449072640,512195466,3,17,Twitter for Android,2020-11-16 16:09:47
1353619323621933057,2150247720,3,7,Twitter Web App,2021-01-25 08:22:50
1353417617621610496,2150247720,4,14,Twitter for Android,2021-01-24 19:01:19
1352234358539755522,2150247720,0,8,Twitter Web App,2021-01-21 12:39:29
1351605368183468035,2150247720,11,12,Twitter Web App,2021-01-19 19:00:06
1351167550516850689,2150247720,1,4,Twitter Web App,2021-01-18 14:00:22
1351079327547404289,2150247720,5,15,Twitter Web App,2021-01-18 08:09:48
1349967246463029248,2150247720,11,16,Twitter for Android,2021-01-15 06:30:47
1349445823692759042,2150247720,3,2,Twitter for Android,2021-01-13 19:58:50
1349415745692831745,2150247720,8,3,Twitter for Android,2021-01-13 17:59:19
1349308189267922945,2150247720,0,1,Twitter Web App,2021-01-13 10:51:55
1349303374043340801,2150247720,0,1,Twitter Web App,2021-01-13 10:32:47
1349299595373928448,2150247720,2,0,Twitter Web App,2021-01-13 10:17:46
1349299234806374400,2150247720,2,1,Twitter Web App,2021-01-13 10:16:21
1348309206596780034,2150247720,1,1,Twitter for Android,2021-01-10 16:42:19
1348183534352138241,2150247720,12,18,Twitter for Android,2021-01-10 08:22:57
1347637687461830660,2150247720,4,15,Twitter for Android,2021-01-08 20:13:57
1347513146857181185,2150247720,4,9,Twitter Web App,2021-01-08 11:59:04
1347241391307583489,2150247720,0,2,Twitter Web App,2021-01-07 17:59:12
1347089265667297280,2150247720,0,6,Twitter Web App,2021-01-07 07:54:43
1347081009704153089,2150247720,4,4,Twitter Web App,2021-01-07 07:21:54
1346954608237690880,2150247720,5,10,Twitter for Android,2021-01-06 22:59:38
1346363108231622656,2150247720,0,1,Twitter Web App,2021-01-05 07:49:13
1346344468459507713,2150247720,39,46,Twitter for Android,2021-01-05 06:35:09
1346061404806279168,2150247720,0,0,Twitter Web App,2021-01-04 11:50:22
1346054589045501952,2150247720,2,4,Twitter Web App,2021-01-04 11:23:17
1345803318048784385,2150247720,0,3,Twitter for Android,2021-01-03 18:44:49
1345791693564637187,2150247720,0,4,Twitter for Android,2021-01-03 17:58:38
1345685818116087810,2150247720,6,11,Twitter for Android,2021-01-03 10:57:55
1345129067100725248,2150247720,2,1,Twitter for Android,2021-01-01 22:05:35
1345111117576753153,2150247720,5,8,Twitter for Android,2021-01-01 20:54:16
1345108786084798469,2150247720,0,1,Twitter for Android,2021-01-01 20:45:00
1345107071717564417,2150247720,6,9,Twitter for Android,2021-01-01 20:38:11
1344702240595046400,2150247720,1,3,Twitter for Android,2020-12-31 17:49:32
1344641549288812546,2150247720,1,4,Twitter for Android,2020-12-31 13:48:22
1344555945934925824,2150247720,16,21,Twitter for Android,2020-12-31 08:08:12
1344554016953552896,2150247720,2,6,Twitter for Android,2020-12-31 08:00:32
1344205606639468546,2150247720,0,1,Twitter Web App,2020-12-30 08:56:05
1344185576338182144,2150247720,1,5,Twitter for Android,2020-12-30 07:36:29
1344182543055249408,2150247720,15,20,Twitter for Android,2020-12-30 07:24:26
1344179800215351297,2150247720,0,1,Twitter for Android,2020-12-30 07:13:32
1343916773079453698,2150247720,8,9,Twitter for Android,2020-12-29 13:48:22
1343567372486139908,2150247720,0,3,Twitter for Android,2020-12-28 14:39:58
1343246012211728385,2150247720,0,1,Twitter for Android,2020-12-27 17:23:00
1343192336692617216,2150247720,3,23,Twitter for Android,2020-12-27 13:49:43
1343182520549072902,2150247720,2,3,Twitter for Android,2020-12-27 13:10:42
1342937000396148738,2150247720,1,8,Twitter for Android,2020-12-26 20:55:06
1342925048202592258,2150247720,0,1,Twitter for Android,2020-12-26 20:07:36
1342848990308667393,2150247720,0,4,Twitter for Android,2020-12-26 15:05:22
1342752410943574016,2150247720,9,15,Twitter for Android,2020-12-26 08:41:36
1342028725043527680,2150247720,0,3,Twitter for Android,2020-12-24 08:45:56
1341847291972505603,2150247720,0,2,Twitter for Android,2020-12-23 20:44:59
1346473628167094274,163024954,1,0,IFTTT,2021-01-05 15:08:23
1311941091927773184,163024954,0,0,IFTTT,2020-10-02 08:08:25
1242876914047516673,163024954,0,0,IFTTT,2020-03-25 18:12:02
1339921636913541120,1129016786593226752,2,3,Twitter Web App,2020-12-18 13:13:07
1332310268139941889,1129016786593226752,1,2,Twitter Web App,2020-11-27 13:08:15
1352177317339131907,2824464079,0,0,Twitter Web App,2021-01-21 08:52:49
1340303886163320832,2871534908,0,1,Twitter for Android,2020-12-19 14:32:02
1340083288975749120,2871534908,0,0,Twitter for Android,2020-12-18 23:55:28
1340009656845029378,2871534908,0,0,Twitter for Android,2020-12-18 19:02:53
1350348920812089345,2904185421,9,16,Twitter for iPad,2021-01-16 07:47:25
1340606394031083520,2603928862,0,0,Twitter for Android,2020-12-20 10:34:06
1352568010825998336,1721796816,4,3,Twitter Web App,2021-01-22 10:45:17
1343837558569103360,1721796816,4,3,Twitter Web App,2020-12-29 08:33:35
1343836541924364288,1721796816,3,4,Twitter Web App,2020-12-29 08:29:33
1343553304832446464,1721796816,2,1,Twitter Web App,2020-12-28 13:44:04
1341296458146918402,1721796816,6,9,Twitter Web App,2020-12-22 08:16:10
1336251377249554432,1721796816,3,8,Twitter for iPhone,2020-12-08 10:08:49
1336249057497538560,1721796816,3,14,Twitter for iPhone,2020-12-08 09:59:36
1334176504008290306,1721796816,2,1,Twitter Web App,2020-12-02 16:44:01
1331229297303040001,1721796816,2,4,Twitter Web App,2020-11-24 13:32:52
1326592026511544321,1721796816,0,0,Twitter for iPhone,2020-11-11 18:26:00
1326592019075096577,1721796816,0,0,Twitter for iPhone,2020-11-11 18:25:58
1326592017091145730,1721796816,2,4,Twitter for iPhone,2020-11-11 18:25:58
1343902670558547968,2291476334,0,1,Twitter for Android,2020-12-29 12:52:19
1338483796002353153,2291476334,1,0,Twitter for Android,2020-12-14 13:59:39
1343204662678323200,208086043,1,4,Twitter for Android,2020-12-27 14:38:41
1352278821748301833,386493055,0,1,Twitter for Android,2021-01-21 15:36:09
1351628505910534146,386493055,1,4,Twitter for Android,2021-01-19 20:32:02
1351608845714526213,386493055,0,4,Twitter for Android,2021-01-19 19:13:55
1350380758133837824,386493055,1,2,Twitter for Android,2021-01-16 09:53:56
1350183269271285762,386493055,0,0,Twitter for Android,2021-01-15 20:49:11
1349403042895060998,386493055,6,6,Twitter for Android,2021-01-13 17:08:50
1347584363647668234,386493055,1,5,Twitter for Android,2021-01-08 16:42:03
1346722386536787968,386493055,6,12,Twitter for Android,2021-01-06 07:36:52
1346466809327747077,386493055,1,2,Twitter for Android,2021-01-05 14:41:18
1346079892618833921,386493055,0,3,Twitter for Android,2021-01-04 13:03:50
1346078428924141576,386493055,0,0,Twitter for Android,2021-01-04 12:58:01
1345112206808113157,386493055,0,1,Twitter for Android,2021-01-01 20:58:35
1343211266966491140,386493055,0,1,Twitter for Android,2020-12-27 15:04:56
1343199082123325441,386493055,0,2,Twitter for Android,2020-12-27 14:16:31
1343108029655482369,386493055,2,19,Twitter for Android,2020-12-27 08:14:42
1341837093996277760,386493055,1,3,Twitter for Android,2020-12-23 20:04:27
1340025789207687171,386493055,0,2,Twitter for Android,2020-12-18 20:06:59
1333391568787689475,386493055,2,3,Twitter for Android,2020-11-30 12:44:57
1329040259292737540,386493055,0,1,Twitter for Android,2020-11-18 12:34:24
1327259231850991617,386493055,2,4,Twitter for Android,2020-11-13 14:37:14
1325815629459447809,386493055,0,2,Twitter for Android,2020-11-09 15:00:53
1323716292080185344,386493055,1,1,Twitter for Android,2020-11-03 19:58:52
1323714754544848899,386493055,1,4,Twitter for Android,2020-11-03 19:52:45
1319925781737472000,418069098,1,7,Twitter for iPhone,2020-10-24 08:56:44
1351976208314019841,1966682750,1,3,Twitter Web App,2021-01-20 19:33:41
1324642289092800512,1966682750,0,3,Twitter Web App,2020-11-06 09:18:27
1352308939560521728,47294804,0,0,Twitter Web App,2021-01-21 17:35:50
1334398455188492288,559834008,0,0,Twitter for Android,2020-12-03 07:25:58
1334175636936679425,559834008,0,0,Twitter for Android,2020-12-02 16:40:34
1334153322308177927,559834008,0,0,Twitter for Android,2020-12-02 15:11:54
1334056866851254275,559834008,0,0,Twitter for Android,2020-12-02 08:48:37
1347926681898639366,1094386993,0,1,Twitter for Android,2021-01-09 15:22:18
1347882110909095937,1094386993,1,2,Twitter for Android,2021-01-09 12:25:12
1353665030303199232,3058459234,2,5,Twitter Web App,2021-01-25 11:24:27
1353614343498297344,3058459234,0,1,Twitter Web App,2021-01-25 08:03:03
1353253557663883264,3058459234,1,9,Twitter for Android,2021-01-24 08:09:25
1352164505023881221,3058459234,2,2,Twitter Web App,2021-01-21 08:01:54
1351813386644893696,3058459234,1,1,Twitter Web App,2021-01-20 08:46:41
1348630978395312129,3058459234,0,1,Twitter for Android,2021-01-11 14:00:56
1344206235894210563,3058459234,0,1,Twitter for Android,2020-12-30 08:58:35
1340937343251976192,3058459234,0,1,Twitter Web App,2020-12-21 08:29:10
1338427495884984324,3058459234,0,2,Twitter Web App,2020-12-14 10:15:56
1332242923837067264,3058459234,0,3,Twitter Web App,2020-11-27 08:40:39
1326796895679881216,3058459234,0,1,Twitter Web App,2020-11-12 08:00:05
1326068292029718528,3058459234,0,3,Twitter Web App,2020-11-10 07:44:52
1326067592830783494,3058459234,0,3,Twitter Web App,2020-11-10 07:42:05
1325708342816337920,3058459234,1,3,Twitter Web App,2020-11-09 07:54:34
1324653021549285378,3058459234,0,1,Twitter Web App,2020-11-06 10:01:05
1324638215089827849,3058459234,0,1,Twitter Web App,2020-11-06 09:02:15
1323637519112687617,3058459234,0,0,Twitter Web App,2020-11-03 14:45:51
1323180513553715201,3058459234,0,0,Twitter Web App,2020-11-02 08:29:52
1321722552641880064,3058459234,1,5,Twitter Web App,2020-10-29 07:56:27
1321101797528870912,3058459234,0,1,Twitter Web App,2020-10-27 14:49:48
1319177657913835520,3058459234,0,0,Twitter Web App,2020-10-22 07:23:57
1290637605273509888,3058459234,0,0,Twitter Web App,2020-08-04 13:15:58
1265959617068257280,3058459234,3,3,Twitter Web App,2020-05-28 10:54:27
1265187415033069571,3058459234,0,0,Twitter Web App,2020-05-26 07:46:00
1255503756256514052,3058459234,0,0,Twitter Media Studio,2020-04-29 14:26:36
1253610565718638592,3058459234,0,1,Twitter Media Studio,2020-04-24 09:03:44
1351278683512840198,350377687,0,1,Twitter for iPhone,2021-01-18 21:21:58
1348936136593432576,350377687,0,2,Twitter for iPhone,2021-01-12 10:13:31
1346778541506097153,350377687,0,2,Twitter for iPhone,2021-01-06 11:20:00
1345661275209138176,350377687,1,3,Twitter for iPhone,2021-01-03 09:20:23
1344040638145245185,350377687,2,1,Twitter for iPhone,2020-12-29 22:00:33
1340963548114108416,350377687,0,0,Twitter for iPhone,2020-12-21 10:13:18
1336377440294342657,350377687,0,0,Twitter for iPhone,2020-12-08 18:29:45
1322828731153604609,350377687,0,2,Twitter for iPhone,2020-11-01 09:12:01
1280499955371847684,350377687,0,0,Twitter for iPhone,2020-07-07 13:52:34
1262495256295215115,350377687,0,1,Twitter for iPhone,2020-05-18 21:28:19
1261404132147032064,350377687,0,0,Twitter for iPhone,2020-05-15 21:12:35
1134446503450370049,350377687,0,0,Twitter for iPhone,2019-05-31 13:08:18
1348670136992067592,8704772,0,11,Twitter Web App,2021-01-11 16:36:32
1339942150532952064,8704772,0,0,Twitter Web App,2020-12-18 14:34:38
1338853716284243968,8704772,0,6,Twitter Web App,2020-12-15 14:29:35
1300339824394752000,8704772,0,0,TweetDeck,2020-08-31 07:49:07
1295990647988592641,8704772,1,8,Twitter Web App,2020-08-19 07:47:03
1283776157138157569,8704772,0,4,Twitter Web App,2020-07-16 14:51:01
447041302119874560,53872038,0,0,Twitter Web Client,2014-03-21 16:05:26
1352293573996273666,918825469021212672,0,1,Twitter for Android,2021-01-21 16:34:47
1345716332784988160,918825469021212672,0,1,Twitter for Android,2021-01-03 12:59:10
1344260978272313344,918825469021212672,0,2,Twitter for Android,2020-12-30 12:36:07
1340281766792323077,918825469021212672,0,1,Twitter for Android,2020-12-19 13:04:09
1347251459176493062,815703656880369664,0,3,Twitter for Android,2021-01-07 18:39:13
1341453021805506562,815703656880369664,0,3,Twitter for Android,2020-12-22 18:38:18
1331503754030538752,75071568,0,0,Twitter for Android,2020-11-25 07:43:27
1331503315247620097,75071568,1,1,Twitter for Android,2020-11-25 07:41:43
1240963747734265858,75071568,0,0,Twitter for Android,2020-03-20 11:29:48
1238196252153720832,75071568,0,0,Twitter for Android,2020-03-12 20:12:45
1297068463740071936,266087835,0,0,Twitter for Android,2020-08-22 07:09:54
1287033181733085184,266087835,0,1,Twitter for Android,2020-07-25 14:33:17
1270963892563447808,266087835,0,0,Twitter for Android,2020-06-11 06:19:40
1260518092020617216,266087835,0,1,Twitter for Android,2020-05-13 10:31:47
1351165600555528193,278390597,2,25,Twitter for iPhone,2021-01-18 13:52:37
1347982370490769410,278390597,0,12,Twitter for iPhone,2021-01-09 19:03:36
1346117336575733760,278390597,3,11,Twitter for iPhone,2021-01-04 15:32:37
1346062917473595392,278390597,0,0,Twitter Web App,2021-01-04 11:56:22
1344587843159683072,278390597,2,3,Twitter for iPhone,2020-12-31 10:14:57
1343936691225190400,278390597,0,0,Twitter for iPhone,2020-12-29 15:07:30
1343600519458258946,278390597,1,5,Twitter for iPhone,2020-12-28 16:51:41
1341720395431489538,278390597,1,8,Twitter Web App,2020-12-23 12:20:44
1338401489140789248,278390597,0,1,Twitter for iPhone,2020-12-14 08:32:35
1336249072613814274,278390597,15,37,Twitter for iPhone,2020-12-08 09:59:39
1331129545920045058,278390597,0,2,Twitter Web App,2020-11-24 06:56:29
1330827835825664000,278390597,0,7,Twitter Web App,2020-11-23 10:57:36
1333760105469317120,19770809,0,1,TweetDeck,2020-12-01 13:09:23
1332303959856386049,19770809,1,3,TweetDeck,2020-11-27 12:43:11
1331338536625311748,19770809,0,1,TweetDeck,2020-11-24 20:46:56
1330797613239693312,19770809,0,2,Twitter for Android,2020-11-23 08:57:30
1352949526169006080,97011553,0,1,Twitter for iPhone,2021-01-23 12:01:18
1352638708844003330,97011553,0,1,Twitter Web App,2021-01-22 15:26:13
1352628061439733762,97011553,0,2,Twitter for iPhone,2021-01-22 14:43:55
1349727298090528774,97011553,1,2,Twitter for iPhone,2021-01-14 14:37:19
1346211131728273411,97011553,0,0,Twitter for iPhone,2021-01-04 21:45:19
1345342821516021762,97011553,1,10,Twitter Web App,2021-01-02 12:14:58
1343850859386593281,97011553,1,1,Twitter for iPhone,2020-12-29 09:26:27
1343806845266366467,97011553,2,10,Twitter for iPhone,2020-12-29 06:31:33
1341820119853481984,97011553,0,1,Twitter for iPhone,2020-12-23 18:57:01
1341795303935143936,97011553,1,12,Twitter for iPhone,2020-12-23 17:18:24
1335153784553693186,97011553,1,1,Twitter for iPhone,2020-12-05 09:27:22
1327203343882723328,97011553,1,0,Twitter for iPhone,2020-11-13 10:55:10
1320291763760803840,97011553,2,1,Twitter for iPhone,2020-10-25 09:11:00
1366801663466610695,97939627,0,0,Twitter for Android,2021-03-02 17:24:45
1366800785753976833,97939627,0,0,Twitter for Android,2021-03-02 17:21:15
1366404897051209728,97939627,0,2,Twitter for Android,2021-03-01 15:08:08
1365354002653868032,97939627,0,2,Twitter for Android,2021-02-26 17:32:15
1365339585023197189,97939627,0,10,Twitter for Android,2021-02-26 16:34:58
1362298883108446208,97939627,0,5,Twitter for Android,2021-02-18 07:12:18
1362083143730216961,97939627,1,5,Twitter for Android,2021-02-17 16:55:02
1367834092872622082,1107612071351500801,2,4,Twitter Web App,2021-03-05 13:47:15
1367731977638526977,1107612071351500801,0,1,Twitter Web App,2021-03-05 07:01:29
1367389034167820288,1107612071351500801,0,1,Twitter Web App,2021-03-04 08:18:45
1367123477828886536,1107612071351500801,1,12,Twitter Web App,2021-03-03 14:43:31
1366853225966632962,1107612071351500801,0,0,Twitter Web App,2021-03-02 20:49:38
1366805077315510274,1107612071351500801,27,43,Twitter Web App,2021-03-02 17:38:19
1366492830529683464,1107612071351500801,0,1,Twitter Web App,2021-03-01 20:57:33
1365639935668158471,1107612071351500801,1,1,Twitter Web App,2021-02-27 12:28:27
1365294481378074629,1107612071351500801,1,0,Twitter Web App,2021-02-26 13:35:44
1364464712574992384,1107612071351500801,2,3,Twitter Web App,2021-02-24 06:38:32
1367919233011744770,377303749,0,0,Twitter for iPhone,2021-03-05 19:25:34
1367531223518740490,377303749,1,20,Twitter for iPhone,2021-03-04 17:43:45
1363136810931601412,377303749,0,3,Twitter for iPhone,2021-02-20 14:41:56
1362466676894281728,377303749,3,8,Twitter for iPhone,2021-02-18 18:19:03
1362006902327148547,377303749,0,5,Twitter for iPhone,2021-02-17 11:52:05
1361397550591467520,377303749,0,2,Twitter for iPhone,2021-02-15 19:30:44
1359944307298418691,377303749,0,7,Twitter for iPhone,2021-02-11 19:16:04
1359573846177767428,377303749,0,6,Twitter for iPhone,2021-02-10 18:43:59
1357768913380118532,377303749,0,0,Twitter for iPhone,2021-02-05 19:11:49
1354509358823075847,377303749,0,2,Twitter for iPhone,2021-01-27 19:19:31
1353619110131859457,377303749,10,46,Twitter for iPhone,2021-01-25 08:21:59
1353603412177399808,377303749,1,6,Twitter for iPhone,2021-01-25 07:19:36
1352700027429380106,377303749,0,4,Twitter for iPhone,2021-01-22 19:29:53
1347826842523361280,377303749,1,6,Twitter for iPhone,2021-01-09 08:45:35
1343124662797168640,377303749,0,34,Twitter for iPhone,2020-12-27 09:20:48
1366721197380091906,3747863055,5,12,Twitter Web App,2021-03-02 12:05:00
1366357545921765376,3747863055,1,14,Twitter Web App,2021-03-01 11:59:59
1364619633026818048,3747863055,4,5,Twitter Web App,2021-02-24 16:54:08
1360236553147195394,3747863055,7,23,Twitter Web App,2021-02-12 14:37:20
1354382979494248448,3747863055,2,10,Twitter Web App,2021-01-27 10:57:20
1350750346814107648,3747863055,0,13,Twitter Web App,2021-01-17 10:22:33
1356156811330658305,4526921,0,2,Hootsuite Inc.,2021-02-01 08:25:54
1354787131693166595,4526921,4,10,Hootsuite Inc.,2021-01-28 13:43:17
1351913419918684162,4526921,3,26,Hootsuite Inc.,2021-01-20 15:24:11
1330850451022098437,4526921,2,2,Twitter Web App,2020-11-23 12:27:28
1317839851027398657,4526921,1,13,Hootsuite Inc.,2020-10-18 14:47:59
1367088846891069443,2218402195,0,4,Twitter Web App,2021-03-03 12:25:55
1363069126256840704,2218402195,0,4,Twitter Web App,2021-02-20 10:12:58
1361408610606190602,2218402195,7,17,Twitter Web App,2021-02-15 20:14:41
1346223503683555328,2218402195,0,1,Twitter Web App,2021-01-04 22:34:29
1346192748290977793,2218402195,0,4,Twitter Web App,2021-01-04 20:32:16
1340756743219982336,2218402195,0,0,Twitter Web App,2020-12-20 20:31:32
1367434558417887233,1172278867979055104,2,43,Twitter for Android,2021-03-04 11:19:39
1358858950519779330,1172278867979055104,0,1,Twitter for Android,2021-02-08 19:23:14
1357266761909993479,1172278867979055104,16,191,Twitter for Android,2021-02-04 09:56:27
1349683555065065473,1172278867979055104,4,44,Twitter for Android,2021-01-14 11:43:30
1343188498883502080,1172278867979055104,1,34,Twitter for Android,2020-12-27 13:34:28
1338927978017927169,1172278867979055104,8,106,Twitter for Android,2020-12-15 19:24:40
1367856961392418822,318372631,0,13,Twitter for Android,2021-03-05 15:18:07
1361366592517529601,318372631,1,1,Twitter for Android,2021-02-15 17:27:43
1360139133444911107,318372631,2,15,Twitter for Android,2021-02-12 08:10:14
1322458789753298945,318372631,0,1,Twitter for Android,2020-10-31 08:42:00
1346802297859432448,951601232,0,0,Twitter for Android,2021-01-06 12:54:24
1346800524218277889,951601232,0,2,Twitter for Android,2021-01-06 12:47:21
1325407748394258432,951601232,2,1,Twitter for Android,2020-11-08 12:00:06
1314158429108424711,2348637385,0,0,Twitter Web App,2020-10-08 10:59:20
1349002289202212864,1379068902,2,5,Twitter Web App,2021-01-12 14:36:23
1347468838468771840,1379068902,0,0,Buffer,2021-01-08 09:03:00
1346034283115405312,1379068902,0,1,Twitter Web App,2021-01-04 10:02:35
1339516236242300928,1379068902,0,0,Twitter Web App,2020-12-17 10:22:12
1339135340683153409,1379068902,1,1,Twitter Web App,2020-12-16 09:08:39
1349822211171954696,121700021,1,4,Twitter for Android,2021-01-14 20:54:28
1348174641454604288,301645475,5,26,Twitter Web App,2021-01-10 07:47:37
1341812895743676420,301645475,0,2,Twitter Web App,2020-12-23 18:28:18
1305753382171312129,301645475,4,3,Twitter Web App,2020-09-15 06:20:40
1303729143767597058,301645475,3,2,Twitter Web App,2020-09-09 16:17:04
1288074248272121861,301645475,2,2,Twitter Web App,2020-07-28 11:30:06
1269183015953084416,301645475,0,1,Twitter Web App,2020-06-06 08:23:05
1251041642410319872,301645475,0,4,Twitter Web App,2020-04-17 06:55:45
1097396648223887360,301645475,0,0,Twitter Web Client,2019-02-18 07:25:24
1328696797724876802,934099898,8,9,Twitter Web App,2020-11-17 13:49:37
1281482328020221954,934099898,8,20,Twitter for Android,2020-07-10 06:56:10
1281178026882093057,934099898,3,4,Twitter Web App,2020-07-09 10:46:59
1280771749454512128,934099898,8,11,Twitter Web App,2020-07-08 07:52:35
1280038614500597760,934099898,3,10,Twitter for Android,2020-07-06 07:19:22
1279014671232782336,934099898,4,7,Twitter for Android,2020-07-03 11:30:35
1278206232633933824,934099898,5,6,Twitter for Android,2020-07-01 05:58:08
1348341892476526593,80979176,0,0,Twitter Web App,2021-01-10 18:52:12
1338845240367656960,80979176,0,0,Twitter Web App,2020-12-15 13:55:54
1314829286394691584,80979176,0,0,Twitter Web App,2020-10-10 07:25:04
1341469947457921024,112782221,0,1,Twitter Web App,2020-12-22 19:45:33
1331229731304378370,112782221,1,0,Twitter Web App,2020-11-24 13:34:35
1323636035075661824,112782221,0,1,Twitter Web App,2020-11-03 14:39:57
1350486775748202496,238252172,0,1,Twitter for Android,2021-01-16 16:55:12
1350478059217055750,238252172,0,1,Twitter for Android,2021-01-16 16:20:34
1327545246381699073,238252172,0,0,Twitter Web App,2020-11-14 09:33:45
1280989689323966466,15451808,0,1,Twitter for iPad,2020-07-08 22:18:36
1261927501116444674,15451808,0,3,Twitter for iPhone,2020-05-17 07:52:16
1322112320433278976,718113668,0,2,Twitter Web App,2020-10-30 09:45:15
1299750001585934336,718113668,0,0,Twitter for Android,2020-08-29 16:45:23
1299747422483120131,718113668,0,1,Twitter for Android,2020-08-29 16:35:08
1299744371810668546,718113668,4,21,Twitter for Android,2020-08-29 16:23:00
1280989689323966466,15451808,0,1,Twitter for iPad,2020-07-08 22:18:36
1261927501116444674,15451808,0,3,Twitter for iPhone,2020-05-17 07:52:16
1345129214270451713,1194014989272657920,4,21,Twitter for iPhone,2021-01-01 22:06:10
1336311118097240066,1194014989272657920,0,1,Twitter for iPhone,2020-12-08 14:06:12
1325022536095109125,798136042884857856,0,0,Twitter Web App,2020-11-07 10:29:24
1352369985742581762,2535917164,0,0,Twitter Web App,2021-01-21 21:38:25
1352248559287087106,2535917164,0,0,Twitter Web App,2021-01-21 13:35:54
1350831220658208774,2535917164,1,14,Twitter Web App,2021-01-17 15:43:54
1335340362517377026,2535917164,0,1,Twitter Web App,2020-12-05 21:48:46
1310526939376111617,2941373355,4,2,Twitter Web App,2020-09-28 10:29:05
1287804186587955200,252588994,0,0,Twitter for iPhone,2020-07-27 17:36:58
1294697638835650560,2907847642,0,3,Twitter for Android,2020-08-15 18:09:06
1336215197292388352,1086509322719367168,0,2,Twitter Web App,2020-12-08 07:45:03
1335994906687496199,1086509322719367168,0,5,Twitter for iPad,2020-12-07 17:09:41
1346208839692124162,19842574,1,4,Twitter for Android,2021-01-04 21:36:13
1346039353332666373,19842574,1,2,Hootsuite Inc.,2021-01-04 10:22:44
1259217360948547593,19842574,0,0,Twitter for Android,2020-05-09 20:23:08
1349471321013571585,1425648666,1,2,Twitter for Android,2021-01-13 21:40:09
1328665341870927874,570641205,1,1,Twitter Web App,2020-11-17 11:44:37
1324327948313370626,570641205,0,0,Twitter Web App,2020-11-05 12:29:22
1343181186751991809,13713512,0,3,Twitter for iPhone,2020-12-27 13:05:24
1343150226312462339,13713512,1,0,Twitter for iPhone,2020-12-27 11:02:23
1342810087073705984,13713512,0,0,Twitter for iPhone,2020-12-26 12:30:47
1367778304657342464,13713512,0,0,Twitter Web App,2021-03-05 10:05:34
1366799462245498894,13713512,0,1,Twitter for iPhone,2021-03-02 17:16:00
1348553244801462272,13713512,0,1,Twitter Web App,2021-01-11 08:52:03
1349446963528413184,3511288937,3,4,Twitter Web App,2021-01-13 20:03:22
1352179124996087810,52135079,1,1,Twitter Web App,2021-01-21 09:00:00
1352142840562937856,52135079,2,0,Twitter Web App,2021-01-21 06:35:49
1348540634316075009,52135079,1,1,Twitter Web App,2021-01-11 08:01:56
1347071434561101826,52135079,0,2,Twitter Web App,2021-01-07 06:43:52
1346456022509101056,52135079,3,6,Twitter Web App,2021-01-05 13:58:26
1343559146323533826,52135079,0,0,Twitter Web App,2020-12-28 14:07:17
1341382991965089794,52135079,0,0,TweetDeck,2020-12-22 14:00:01
1335849022184185858,52135079,0,1,TweetDeck,2020-12-07 07:30:00
1352179124996087810,52135079,1,1,Twitter Web App,2021-01-21 09:00:00
1352142840562937856,52135079,2,0,Twitter Web App,2021-01-21 06:35:49
1348540634316075009,52135079,1,1,Twitter Web App,2021-01-11 08:01:56
1347071434561101826,52135079,0,2,Twitter Web App,2021-01-07 06:43:52
1346456022509101056,52135079,3,6,Twitter Web App,2021-01-05 13:58:26
1343559146323533826,52135079,0,0,Twitter Web App,2020-12-28 14:07:17
1341382991965089794,52135079,0,0,TweetDeck,2020-12-22 14:00:01
1335849022184185858,52135079,0,1,TweetDeck,2020-12-07 07:30:00
1351882940448448512,145272503,0,2,Twitter Web App,2021-01-20 13:23:04
1351525227973513216,145272503,0,2,Twitter Web App,2021-01-19 13:41:39
1350838129356394498,145272503,0,7,Twitter Web App,2021-01-17 16:11:22
1350458855302569985,145272503,1,8,Twitter Web App,2021-01-16 15:04:16
1350040218687201280,145272503,1,3,Twitter Web App,2021-01-15 11:20:45
1352151337627230209,334518662,1,1,Twitter Web App,2021-01-21 07:09:35
1351416226409553920,334518662,0,0,Twitter Web App,2021-01-19 06:28:31
1351194823999549445,334518662,0,0,Twitter Web App,2021-01-18 15:48:44
1349431682919772162,334518662,0,0,Twitter Web App,2021-01-13 19:02:39
1347828790857236480,334518662,0,0,Twitter Web App,2021-01-09 08:53:19
1345989433070399488,334518662,0,0,Twitter Web App,2021-01-04 07:04:22
1341837415477067777,334518662,0,0,Twitter Web App,2020-12-23 20:05:44
1336756613949087744,334518662,0,0,Twitter Web App,2020-12-09 19:36:27
1351552591478587393,299732400,1,0,Twitter Web App,2021-01-19 15:30:23
1351136348758020097,299732400,1,0,Twitter Web App,2021-01-18 11:56:23
1349669137262505986,299732400,1,0,Twitter Web App,2021-01-14 10:46:12
1348594112317050883,299732400,2,0,Twitter Web App,2021-01-11 11:34:26
1346446834982662145,299732400,1,0,Twitter Web App,2021-01-05 13:21:55
1344268078515957760,299732400,8,2,Twitter Web App,2020-12-30 13:04:19
1313029981400977409,299732400,1,0,Twitter Web App,2020-10-05 08:15:17
1348535157272227840,507670680,1,2,Twitter for Android,2021-01-11 07:40:10
1315898649285722113,507670680,2,0,Twitter for Android,2020-10-13 06:14:20
1349985336915582978,776153844,0,0,Twitter Web App,2021-01-15 07:42:40
1347078233670479879,776153844,0,0,Twitter Web App,2021-01-07 07:10:53
1352561216527495172,3340855450,0,0,Twitter Web App,2021-01-22 10:18:18
1349328912963268614,3340855450,2,2,Twitter Web App,2021-01-13 12:14:16
1347511203682254849,3340855450,0,0,Twitter Web App,2021-01-08 11:51:21
1252180178039721985,3340855450,0,0,Twitter Web App,2020-04-20 10:19:53
1356921810693066752,3340855450,0,0,Twitter Web App,2021-02-03 11:05:44
1353637624871673856,275487283,1,1,Twitter for Android,2021-01-25 09:35:33
1351836451609128960,275487283,0,0,Twitter Web App,2021-01-20 10:18:20
1314526515703545856,275487283,0,0,Twitter for Android,2020-10-09 11:21:58
1366786534352056320,275487283,1,0,Twitter Web App,2021-03-02 16:24:38
1364490568571707393,275487283,1,0,Twitter Web App,2021-02-24 08:21:17
1362380781688094725,275487283,1,1,Twitter for Android,2021-02-18 12:37:44
1352635451664949252,300703744,0,1,Twidere for Android,2021-01-22 15:13:17
1301767837388857346,1185244502,0,1,Twitter Web App,2020-09-04 06:23:32
1301759548139732992,1185244502,2,5,Twitter Web App,2020-09-04 05:50:36
1301621646604800001,1185244502,1,2,Twitter Web App,2020-09-03 20:42:38
1301596825191759872,1185244502,15,17,Twitter Web App,2020-09-03 19:04:00
1257739971265511432,1185244502,8,11,Twitter Web App,2020-05-05 18:32:31
1346881283213979650,382077103,0,5,Twitter for Android,2021-01-06 18:08:16
1351516005529477123,3417272529,0,0,Twitter Web App,2021-01-19 13:05:00
1351151100683022336,3417272529,0,0,Twitter Web App,2021-01-18 12:55:00
1351140321883791363,3417272529,0,0,Twitter Web App,2021-01-18 12:12:10
1349696516168982531,3417272529,0,0,Twitter Web App,2021-01-14 12:35:00
1349336808975441922,3417272529,0,0,Twitter Web App,2021-01-13 12:45:39
1348978033126854656,3417272529,0,0,Twitter Web App,2021-01-12 13:00:00
1341016824238886912,3417272529,0,0,Twitter Web App,2020-12-21 13:45:00
1347466608168595457,753540163125538816,0,1,IFTTT,2021-01-08 08:54:08
1347089177494626304,753540163125538816,0,1,IFTTT,2021-01-07 07:54:22
1346077468193673217,753540163125538816,0,1,IFTTT,2021-01-04 12:54:11
1346062459803750400,753540163125538816,0,1,IFTTT,2021-01-04 11:54:33
1341819450773954562,753540163125538816,0,1,IFTTT,2020-12-23 18:54:21
1339962147858690052,753540163125538816,0,1,IFTTT,2020-12-18 15:54:05
1338935389906739202,753540163125538816,0,1,IFTTT,2020-12-15 19:54:07
1337380164699893762,753540163125538816,0,1,IFTTT,2020-12-11 12:54:13
1337123438167781376,753540163125538816,0,1,IFTTT,2020-12-10 19:54:04
1336700694754177024,753540163125538816,0,1,IFTTT,2020-12-09 15:54:14
1334843500307812352,753540163125538816,0,1,IFTTT,2020-12-04 12:54:25
1334209271677005825,753540163125538816,0,1,IFTTT,2020-12-02 18:54:13
1333454278233567232,753540163125538816,0,1,IFTTT,2020-11-30 16:54:08
1332382252169359369,753540163125538816,0,1,IFTTT,2020-11-27 17:54:18
1330932663495122947,753540163125538816,0,1,IFTTT,2020-11-23 17:54:09
1329105674073206795,753540163125538816,0,1,IFTTT,2020-11-18 16:54:20
1328290286720659457,753540163125538816,0,1,IFTTT,2020-11-16 10:54:17
1326569693352779777,753540163125538816,0,1,IFTTT,2020-11-11 16:57:16
1325799095018156033,753540163125538816,0,1,IFTTT,2020-11-09 13:55:11
1320710377106214913,753540163125538816,0,1,IFTTT,2020-10-26 12:54:26
1306516752109535233,753540163125538816,0,2,IFTTT,2020-09-17 08:54:02
1304780339559227392,753540163125538816,0,1,IFTTT,2020-09-12 13:54:09
1304010250224271360,753540163125538816,0,1,IFTTT,2020-09-10 10:54:05
1303647891676975104,753540163125538816,0,1,IFTTT,2020-09-09 10:54:12
1303270498067984384,753540163125538816,0,2,IFTTT,2020-09-08 09:54:34
1298725419764637697,753540163125538816,0,1,IFTTT,2020-08-26 20:54:03
1351630726349918208,1241427315197988864,0,1,Twitter for Android,2021-01-19 20:40:51
1351158851391811584,1241427315197988864,0,0,Twitter for Android,2021-01-18 13:25:48
1350738323397095425,1241427315197988864,0,0,Twitter for Android,2021-01-17 09:34:46
1305069085731049472,1241427315197988864,0,0,Twitter for Android,2020-09-13 09:01:31
1260968421459726338,1241427315197988864,0,0,Twitter Web App,2020-05-14 16:21:13
1242878364106579973,1241427315197988864,0,0,Twitter for Android,2020-03-25 18:17:48
1352250847724494851,130794158,2,0,TweetDeck,2021-01-21 13:45:00
1352228325889089542,130794158,0,0,Twitter Web App,2021-01-21 12:15:30
1351973814045995012,130794158,3,5,TweetDeck,2021-01-20 19:24:10
1351918816666783744,130794158,0,1,Twitter Web App,2021-01-20 15:45:37
1351864637151735809,130794158,0,0,Twitter Web App,2021-01-20 12:10:20
1351202810805821442,130794158,2,4,Twitter Web App,2021-01-18 16:20:28
1351184535078264834,130794158,0,0,Twitter Web App,2021-01-18 15:07:51
1349736954577842181,130794158,0,1,Twitter Web App,2021-01-14 15:15:41
1349691709609947138,130794158,0,0,Twitter Web App,2021-01-14 12:15:54
1349690466955096066,130794158,0,0,Twitter Web App,2021-01-14 12:10:58
1349087503609966599,130794158,4,6,TweetDeck,2021-01-12 20:15:00
1349064854406115330,130794158,2,2,TweetDeck,2021-01-12 18:45:00
1349049754345500675,130794158,0,2,TweetDeck,2021-01-12 17:45:00
1349033812299288577,130794158,1,0,Twitter Web App,2021-01-12 16:41:39
1348966961707941889,130794158,0,0,Twitter Web App,2021-01-12 12:16:00
1348966364829118464,130794158,0,0,Twitter Web App,2021-01-12 12:13:38
1348965663218556930,130794158,0,0,Twitter Web App,2021-01-12 12:10:51
1348965022408585216,130794158,1,1,Twitter Web App,2021-01-12 12:08:18
1347146007935639552,130794158,0,1,Twitter Web App,2021-01-07 11:40:11
1341362448511713281,130794158,0,1,Twitter Web App,2020-12-22 12:38:23
1341360554036899841,130794158,0,0,Twitter Web App,2020-12-22 12:30:52
1341359472934068224,130794158,0,0,Twitter Web App,2020-12-22 12:26:34
1341357448670666753,130794158,0,1,Twitter Web App,2020-12-22 12:18:31
1339914560267010049,130794158,2,3,TweetDeck,2020-12-18 12:45:00
1352250847724494851,130794158,2,0,TweetDeck,2021-01-21 13:45:00
1352228325889089542,130794158,0,0,Twitter Web App,2021-01-21 12:15:30
1351973814045995012,130794158,3,5,TweetDeck,2021-01-20 19:24:10
1351918816666783744,130794158,0,1,Twitter Web App,2021-01-20 15:45:37
1351864637151735809,130794158,0,0,Twitter Web App,2021-01-20 12:10:20
1351202810805821442,130794158,2,4,Twitter Web App,2021-01-18 16:20:28
1351184535078264834,130794158,0,0,Twitter Web App,2021-01-18 15:07:51
1349736954577842181,130794158,0,1,Twitter Web App,2021-01-14 15:15:41
1349691709609947138,130794158,0,0,Twitter Web App,2021-01-14 12:15:54
1349690466955096066,130794158,0,0,Twitter Web App,2021-01-14 12:10:58
1349087503609966599,130794158,4,6,TweetDeck,2021-01-12 20:15:00
1349064854406115330,130794158,2,2,TweetDeck,2021-01-12 18:45:00
1349049754345500675,130794158,0,2,TweetDeck,2021-01-12 17:45:00
1349033812299288577,130794158,1,0,Twitter Web App,2021-01-12 16:41:39
1348966961707941889,130794158,0,0,Twitter Web App,2021-01-12 12:16:00
1348966364829118464,130794158,0,0,Twitter Web App,2021-01-12 12:13:38
1348965663218556930,130794158,0,0,Twitter Web App,2021-01-12 12:10:51
1348965022408585216,130794158,1,1,Twitter Web App,2021-01-12 12:08:18
1347146007935639552,130794158,0,1,Twitter Web App,2021-01-07 11:40:11
1341362448511713281,130794158,0,1,Twitter Web App,2020-12-22 12:38:23
1341360554036899841,130794158,0,0,Twitter Web App,2020-12-22 12:30:52
1341359472934068224,130794158,0,0,Twitter Web App,2020-12-22 12:26:34
1341357448670666753,130794158,0,1,Twitter Web App,2020-12-22 12:18:31
1339914560267010049,130794158,2,3,TweetDeck,2020-12-18 12:45:00
1350372106253590528,2405309008,0,0,Twitter Web App,2021-01-16 09:19:33
1348910528165535744,2405309008,0,0,Twitter Web App,2021-01-12 08:31:46
1347172381341741058,2405309008,0,0,Twitter Web App,2021-01-07 13:24:59
1344213976075407361,2405309008,0,0,Twitter Web App,2020-12-30 09:29:20
1340242910801965056,2405309008,0,0,Twitter Web App,2020-12-19 10:29:45
1336232039411027970,2405309008,0,0,Twitter Web App,2020-12-08 08:51:58
1331504024907108352,2405309008,0,0,Twitter Web App,2020-11-25 07:44:32
1308802756203905026,2842648090,1,7,Twitter for Android,2020-09-23 16:17:48
1347169629173637120,59436321,0,1,Twitter Web App,2021-01-07 13:14:03
1327315134004523011,59436321,10,21,Twitter Web App,2020-11-13 18:19:22
1315942341161746432,59436321,1,1,Twitter Web App,2020-10-13 09:07:57
1352189270254120960,2299803774,5,6,Twitter Web App,2021-01-21 09:40:19
1348599923613249536,2299803774,3,5,Twitter Web App,2021-01-11 11:57:32
1323247699894874112,2299803774,8,11,Twitter Web App,2020-11-02 12:56:51
1351137629325164546,211131242,0,2,Hootsuite Inc.,2021-01-18 12:01:28
1347581476460752907,211131242,0,0,Hootsuite Inc.,2021-01-08 16:30:35
1316272720712290306,211131242,0,0,Hootsuite Inc.,2020-10-14 07:00:46
1347437887210471424,110661544,0,0,TweetDeck,2021-01-08 07:00:01
1344210479640666112,110661544,0,1,TweetDeck,2020-12-30 09:15:27
1342062471557701633,110661544,1,0,TweetDeck,2020-12-24 11:00:02
1353256655278977025,113581732,0,0,Twitter Web App,2021-01-24 08:21:43
1352885959893934080,113581732,0,2,Twitter Web App,2021-01-23 07:48:42
1350058019921547266,113581732,2,7,Twitter Web App,2021-01-15 12:31:29
1343519804427284486,113581732,0,0,Twitter Web App,2020-12-28 11:30:57
1333151029303644160,113581732,0,0,Twitter for Android,2020-11-29 20:49:08
1351563992343445504,109309136,3,2,Twitter Web App,2021-01-19 16:15:41
1351563907429752838,109309136,3,3,Twitter Web App,2021-01-19 16:15:21
1351102905366028293,109309136,3,0,Twitter Web App,2021-01-18 09:43:29
1350046286704209921,109309136,0,1,Twitter Web App,2021-01-15 11:44:52
1343154401704357888,109309136,4,10,Twitter for Mac,2020-12-27 11:18:58
1331525310035099649,109309136,7,4,Hootsuite Inc.,2020-11-25 09:09:07
1353409312903864321,122020993,5,5,Twitter Web App,2021-01-24 18:28:19
1353336902712233989,122020993,3,0,TweetDeck,2021-01-24 13:40:36
1353053916292907011,122020993,0,0,TweetDeck,2021-01-23 18:56:06
1352945125698236416,122020993,4,1,Twitter Web App,2021-01-23 11:43:49
1352704325991194624,122020993,1,0,TweetDeck,2021-01-22 19:46:58
1352703069121892353,122020993,0,0,Hootsuite Inc.,2021-01-22 19:41:58
1352653671713169420,122020993,0,0,TweetDeck,2021-01-22 16:25:41
1352652550399533057,122020993,2,0,TweetDeck,2021-01-22 16:21:13
1352559012752068608,122020993,1,0,Twitter Web App,2021-01-22 10:09:32
1352553196745584641,122020993,1,0,TweetDeck,2021-01-22 09:46:25
1352525926639271936,122020993,1,0,Twitter Web App,2021-01-22 07:58:04
1352289302538051585,122020993,1,0,TweetDeck,2021-01-21 16:17:48
1352166681284644865,122020993,1,0,Twitter Web App,2021-01-21 08:10:33
1351976803401871361,122020993,1,1,TweetDeck,2021-01-20 19:36:03
1351976667703599107,122020993,3,2,TweetDeck,2021-01-20 19:35:30
1351898002269622275,122020993,1,0,Twitter Web App,2021-01-20 14:22:55
1351883004004720640,122020993,1,0,Twitter Web App,2021-01-20 13:23:19
1351841776093589506,122020993,1,0,Twitter Web App,2021-01-20 10:39:30
1351552948040593416,122020993,2,1,Twitter Web App,2021-01-19 15:31:48
1351536246112333832,122020993,1,0,Twitter Web App,2021-01-19 14:25:26
1351256283622629376,122020993,1,1,TweetDeck,2021-01-18 19:52:57
1351190328825573382,122020993,1,1,Twitter Web App,2021-01-18 15:30:52
1351171839683407878,122020993,1,0,Twitter Web App,2021-01-18 14:17:24
1351171510988365825,122020993,1,0,Twitter Web App,2021-01-18 14:16:06
1351122242604822530,122020993,1,0,Twitter Web App,2021-01-18 11:00:19
1351118597939191810,122020993,1,0,Twitter Web App,2021-01-18 10:45:50
1350915445570887680,122020993,1,0,TweetDeck,2021-01-17 21:18:35
1350851751264579585,122020993,1,0,TweetDeck,2021-01-17 17:05:29
1350802094899548161,122020993,1,0,TweetDeck,2021-01-17 13:48:10
1350801887755448321,122020993,1,0,TweetDeck,2021-01-17 13:47:21
1350728528124407809,122020993,1,1,Twitter Web App,2021-01-17 08:55:51
1350511528777289729,122020993,3,0,Twitter Web App,2021-01-16 18:33:34
1350475009765109760,122020993,3,0,Hootsuite Inc.,2021-01-16 16:08:27
1350461667944050692,122020993,4,0,Twitter Web App,2021-01-16 15:15:26
1350456602789367808,122020993,3,1,Hootsuite Inc.,2021-01-16 14:55:19
1350442676655677441,122020993,3,1,TweetDeck,2021-01-16 13:59:58
1350440550034534403,122020993,3,0,TweetDeck,2021-01-16 13:51:31
1350168846477500417,122020993,5,2,TweetDeck,2021-01-15 19:51:52
1350141583811862535,122020993,0,0,TweetDeck,2021-01-15 18:03:32
1350080734476849153,122020993,1,0,Twitter Web App,2021-01-15 14:01:45
1350072364860637184,122020993,1,0,TweetDeck,2021-01-15 13:28:29
1350033657667444737,122020993,2,3,Twitter Web App,2021-01-15 10:54:41
1349722453820362752,122020993,1,0,Twitter Web App,2021-01-14 14:18:04
1349715912476286978,122020993,1,0,Twitter Web App,2021-01-14 13:52:04
1349439900895076353,122020993,1,0,TweetDeck,2021-01-13 19:35:18
1349439638126133253,122020993,1,0,TweetDeck,2021-01-13 19:34:15
1349398997082009605,122020993,1,0,Hootsuite Inc.,2021-01-13 16:52:46
1349077460500045824,122020993,1,1,TweetDeck,2021-01-12 19:35:05
1348965205712240645,122020993,1,0,Twitter Web App,2021-01-12 12:09:02
1348946619010576384,122020993,1,0,Twitter Web App,2021-01-12 10:55:10
1348923706228289542,122020993,0,0,Twitter Web App,2021-01-12 09:24:08
1348630777156816896,122020993,1,0,Twitter Web App,2021-01-11 14:00:08
1348518900393259008,122020993,1,2,Twitter Web App,2021-01-11 06:35:34
1348327983451406341,122020993,4,0,Twitter Web App,2021-01-10 17:56:56
1348258140211523584,122020993,2,0,Twitter Web App,2021-01-10 13:19:24
1347625696236081154,122020993,1,0,Twitter Web App,2021-01-08 19:26:18
1347484807329181696,122020993,0,0,Twitter Web App,2021-01-08 10:06:27
1347477364343767040,122020993,0,0,Twitter Web App,2021-01-08 09:36:53
1347476734145343489,122020993,1,2,Twitter Web App,2021-01-08 09:34:22
1353409312903864321,122020993,5,5,Twitter Web App,2021-01-24 18:28:19
1353336902712233989,122020993,3,0,TweetDeck,2021-01-24 13:40:36
1353053916292907011,122020993,0,0,TweetDeck,2021-01-23 18:56:06
1352945125698236416,122020993,4,1,Twitter Web App,2021-01-23 11:43:49
1352704325991194624,122020993,1,0,TweetDeck,2021-01-22 19:46:58
1352703069121892353,122020993,0,0,Hootsuite Inc.,2021-01-22 19:41:58
1352653671713169420,122020993,0,0,TweetDeck,2021-01-22 16:25:41
1352652550399533057,122020993,2,0,TweetDeck,2021-01-22 16:21:13
1352559012752068608,122020993,1,0,Twitter Web App,2021-01-22 10:09:32
1352553196745584641,122020993,1,0,TweetDeck,2021-01-22 09:46:25
1352525926639271936,122020993,1,0,Twitter Web App,2021-01-22 07:58:04
1352289302538051585,122020993,1,0,TweetDeck,2021-01-21 16:17:48
1352166681284644865,122020993,1,0,Twitter Web App,2021-01-21 08:10:33
1351976803401871361,122020993,1,1,TweetDeck,2021-01-20 19:36:03
1351976667703599107,122020993,3,2,TweetDeck,2021-01-20 19:35:30
1351898002269622275,122020993,1,0,Twitter Web App,2021-01-20 14:22:55
1351883004004720640,122020993,1,0,Twitter Web App,2021-01-20 13:23:19
1351841776093589506,122020993,1,0,Twitter Web App,2021-01-20 10:39:30
1351552948040593416,122020993,2,1,Twitter Web App,2021-01-19 15:31:48
1351536246112333832,122020993,1,0,Twitter Web App,2021-01-19 14:25:26
1351256283622629376,122020993,1,1,TweetDeck,2021-01-18 19:52:57
1351190328825573382,122020993,1,1,Twitter Web App,2021-01-18 15:30:52
1351171839683407878,122020993,1,0,Twitter Web App,2021-01-18 14:17:24
1351171510988365825,122020993,1,0,Twitter Web App,2021-01-18 14:16:06
1351122242604822530,122020993,1,0,Twitter Web App,2021-01-18 11:00:19
1351118597939191810,122020993,1,0,Twitter Web App,2021-01-18 10:45:50
1350915445570887680,122020993,1,0,TweetDeck,2021-01-17 21:18:35
1350851751264579585,122020993,1,0,TweetDeck,2021-01-17 17:05:29
1350802094899548161,122020993,1,0,TweetDeck,2021-01-17 13:48:10
1350801887755448321,122020993,1,0,TweetDeck,2021-01-17 13:47:21
1350728528124407809,122020993,1,1,Twitter Web App,2021-01-17 08:55:51
1350511528777289729,122020993,3,0,Twitter Web App,2021-01-16 18:33:34
1350475009765109760,122020993,3,0,Hootsuite Inc.,2021-01-16 16:08:27
1350461667944050692,122020993,4,0,Twitter Web App,2021-01-16 15:15:26
1350456602789367808,122020993,3,1,Hootsuite Inc.,2021-01-16 14:55:19
1350442676655677441,122020993,3,1,TweetDeck,2021-01-16 13:59:58
1350440550034534403,122020993,3,0,TweetDeck,2021-01-16 13:51:31
1350168846477500417,122020993,5,2,TweetDeck,2021-01-15 19:51:52
1350141583811862535,122020993,0,0,TweetDeck,2021-01-15 18:03:32
1350080734476849153,122020993,1,0,Twitter Web App,2021-01-15 14:01:45
1350072364860637184,122020993,1,0,TweetDeck,2021-01-15 13:28:29
1350033657667444737,122020993,2,3,Twitter Web App,2021-01-15 10:54:41
1349722453820362752,122020993,1,0,Twitter Web App,2021-01-14 14:18:04
1349715912476286978,122020993,1,0,Twitter Web App,2021-01-14 13:52:04
1349439900895076353,122020993,1,0,TweetDeck,2021-01-13 19:35:18
1349439638126133253,122020993,1,0,TweetDeck,2021-01-13 19:34:15
1349398997082009605,122020993,1,0,Hootsuite Inc.,2021-01-13 16:52:46
1349077460500045824,122020993,1,1,TweetDeck,2021-01-12 19:35:05
1348965205712240645,122020993,1,0,Twitter Web App,2021-01-12 12:09:02
1348946619010576384,122020993,1,0,Twitter Web App,2021-01-12 10:55:10
1348923706228289542,122020993,0,0,Twitter Web App,2021-01-12 09:24:08
1348630777156816896,122020993,1,0,Twitter Web App,2021-01-11 14:00:08
1348518900393259008,122020993,1,2,Twitter Web App,2021-01-11 06:35:34
1348327983451406341,122020993,4,0,Twitter Web App,2021-01-10 17:56:56
1348258140211523584,122020993,2,0,Twitter Web App,2021-01-10 13:19:24
1347625696236081154,122020993,1,0,Twitter Web App,2021-01-08 19:26:18
1347484807329181696,122020993,0,0,Twitter Web App,2021-01-08 10:06:27
1347477364343767040,122020993,0,0,Twitter Web App,2021-01-08 09:36:53
1347476734145343489,122020993,1,2,Twitter Web App,2021-01-08 09:34:22
1348560378582753280,2549981702,1,0,TweetDeck,2021-01-11 09:20:23
1346157478707421184,2549981702,1,3,TweetDeck,2021-01-04 18:12:07
1341026045768724480,2549981702,1,5,Twitter for iPhone,2020-12-21 14:21:39
1351916555874004994,19853819,0,0,TweetDeck,2021-01-20 15:36:38
1349733297388048386,19853819,0,0,TweetDeck,2021-01-14 15:01:09
1347476890471211011,19853819,0,0,TweetDeck,2021-01-08 09:35:00
1347222311137660936,19853819,0,0,TweetDeck,2021-01-07 16:43:23
1346398697094045701,19853819,0,2,Twitter for iPhone,2021-01-05 10:10:38
1343856428046569473,19853819,0,0,TweetDeck,2020-12-29 09:48:34
1343579278760415232,19853819,0,0,TweetDeck,2020-12-28 15:27:17
1341824646312685569,19853819,1,3,TweetDeck,2020-12-23 19:15:00
1331999681786810376,19853819,0,2,TweetDeck,2020-11-26 16:34:06
1320745473905463298,516685550,1,3,Twitter Web App,2020-10-26 15:13:53
1309146561977483265,516685550,0,1,Twitter Web App,2020-09-24 15:03:57
1284122068586504192,516685550,6,6,Twitter for Android,2020-07-17 13:45:33
1349759451998400512,92632663,0,0,Twitter Web App,2021-01-14 16:45:05
1349600278954340353,92632663,1,0,TweetDeck,2021-01-14 06:12:35
1349291668340695041,92632663,3,0,Twitter for Android,2021-01-13 09:46:17
1347542013974032385,92632663,3,0,Twitter Web App,2021-01-08 13:53:46
1346840870587392008,92632663,0,0,Twitter Web App,2021-01-06 15:27:41
1346821735233040384,92632663,3,3,Twitter Web App,2021-01-06 14:11:39
1346796920057028608,92632663,0,2,Twitter for Android,2021-01-06 12:33:02
1346128996208148482,92632663,1,2,Twitter Web App,2021-01-04 16:18:57
1352503764968632322,8631152,22,14,TweetDeck,2021-01-22 06:30:00
1351888459774926858,8631152,6,2,TweetDeck,2021-01-20 13:45:00
1351854485652443137,8631152,0,0,TweetDeck,2021-01-20 11:30:00
1351522296939360260,8631152,1,0,TweetDeck,2021-01-19 13:30:00
1351474481810829315,8631152,2,2,TweetDeck,2021-01-19 10:20:00
1351156133986140160,8631152,1,1,TweetDeck,2021-01-18 13:15:00
1350113010388447235,8631152,0,1,TweetDeck,2021-01-15 16:10:00
1349691315362041857,8631152,0,1,TweetDeck,2021-01-14 12:14:20
1349668833812905986,8631152,13,17,TweetDeck,2021-01-14 10:45:00
1349272471921299458,8631152,0,0,TweetDeck,2021-01-13 08:30:00
1352503764968632322,8631152,22,14,TweetDeck,2021-01-22 06:30:00
1351888459774926858,8631152,6,2,TweetDeck,2021-01-20 13:45:00
1351854485652443137,8631152,0,0,TweetDeck,2021-01-20 11:30:00
1351522296939360260,8631152,1,0,TweetDeck,2021-01-19 13:30:00
1351474481810829315,8631152,2,2,TweetDeck,2021-01-19 10:20:00
1351156133986140160,8631152,1,1,TweetDeck,2021-01-18 13:15:00
1350113010388447235,8631152,0,1,TweetDeck,2021-01-15 16:10:00
1349691315362041857,8631152,0,1,TweetDeck,2021-01-14 12:14:20
1349668833812905986,8631152,13,17,TweetDeck,2021-01-14 10:45:00
1349272471921299458,8631152,0,0,TweetDeck,2021-01-13 08:30:00
1352625155122618372,56963315,0,2,Twitter Web App,2021-01-22 14:32:22
1350071518064222212,56963315,2,5,Twitter Web App,2021-01-15 13:25:07
1368886144021184515,1257975756229152768,0,0,Twitter Web App,2021-03-08 11:27:44
1368334174130741252,1257975756229152768,1,1,Twitter Web App,2021-03-06 22:54:24
1365303106003730432,1257975756229152768,0,0,Twitter Web App,2021-02-26 14:10:01
1364235219440705537,1257975756229152768,1,1,Twitter Web App,2021-02-23 15:26:37
1362445434434781185,1257975756229152768,1,0,Twitter Web App,2021-02-18 16:54:39
1354335223971012608,1257975756229152768,1,1,Twitter Web App,2021-01-27 07:47:34
1352670037908344840,1257975756229152768,0,1,Twitter Web App,2021-01-22 17:30:43
1346536443087364099,1257975756229152768,4,6,Twitter Web App,2021-01-05 19:18:00
1366367078379315201,57350899,3,8,Twitter Web App,2021-03-01 12:37:52
1359793794707845121,57350899,1,0,TweetDeck,2021-02-11 09:17:59
1355082025703796737,57350899,14,10,TweetDeck,2021-01-29 09:15:05
1354801472576188416,57350899,3,1,TweetDeck,2021-01-28 14:40:16
1354476764400115713,57350899,0,1,TweetDeck,2021-01-27 17:10:00
1353808811400830976,57350899,1,0,TweetDeck,2021-01-25 20:55:47
1349278360338386946,57350899,2,2,TweetDeck,2021-01-13 08:53:24
1340033091310653442,57350899,0,0,TweetDeck,2020-12-18 20:36:00
1366308571630166017,2825230149,4,8,Twitter for Android,2021-03-01 08:45:22
1356904622502404099,2825230149,2,5,Twitter for Android,2021-02-03 09:57:26
1349347428110102529,2825230149,4,9,Twitter for Android,2021-01-13 13:27:51
1366417107441889281,434979087,0,1,Twitter Web App,2021-03-01 15:56:39
1365330785394425856,434979087,1,2,Twitter Web App,2021-02-26 16:00:00
1362743756861165568,434979087,0,1,Twitter Web App,2021-02-19 12:40:04
1350761433261334528,434979087,1,1,Twitter Web App,2021-01-17 11:06:36
1349717912261562371,434979087,0,5,Twitter Web App,2021-01-14 14:00:01
1347236980539715589,434979087,4,1,Twitter Web App,2021-01-07 17:41:41
1345341926334201858,434979087,5,6,Twitter Web App,2021-01-02 12:11:25
1364150044643966979,73089796,1,3,Twitter Web App,2021-02-23 09:48:09
1354466188378697730,73089796,4,3,Hootsuite Inc.,2021-01-27 16:27:58
1351872114819817472,73089796,0,1,Hootsuite Inc.,2021-01-20 12:40:03
1350039113576144896,73089796,4,3,Hootsuite Inc.,2021-01-15 11:16:21
1343153215404183552,73089796,12,29,Twitter for Mac,2020-12-27 11:14:15
1364991234838831109,1112679917509066752,0,0,Twitter Web App,2021-02-25 17:30:45
1364987176895864840,1112679917509066752,0,0,Twitter Web App,2021-02-25 17:14:37
1364986516565610501,1112679917509066752,0,0,Twitter Web App,2021-02-25 17:12:00
1362042921990643715,1112679917509066752,0,0,Twitter for Android,2021-02-17 14:15:12
1362042237182480386,1112679917509066752,0,0,Twitter for Android,2021-02-17 14:12:29
1362042007917592587,1112679917509066752,0,0,Twitter for Android,2021-02-17 14:11:34
1362038599940734981,1112679917509066752,2,4,Twitter for Android,2021-02-17 13:58:02
1357386534815752192,1112679917509066752,0,0,Twitter Web App,2021-02-04 17:52:23
1357385633786920962,1112679917509066752,0,0,Twitter Web App,2021-02-04 17:48:48
1357381622232977412,1112679917509066752,1,0,Twitter Web App,2021-02-04 17:32:52
1357380069937799171,1112679917509066752,0,0,Twitter Web App,2021-02-04 17:26:42
1357378571929591808,1112679917509066752,0,0,Twitter Web App,2021-02-04 17:20:45
1357377584670064641,1112679917509066752,0,0,Twitter Web App,2021-02-04 17:16:49
1349772894818234368,1112679917509066752,0,0,Twitter Web App,2021-01-14 17:38:30
1349765291174219777,1112679917509066752,0,0,Twitter Web App,2021-01-14 17:08:17
1347236778944716804,1112679917509066752,1,0,Twitter Web App,2021-01-07 17:40:53
1367402725978365957,33182657,1,0,Twitter for iPhone,2021-03-04 09:13:09
1356216285005291522,33182657,1,3,Twitter for iPhone,2021-02-01 12:22:14
1355176890668101632,33182657,1,1,Twitter for iPhone,2021-01-29 15:32:03
1348913994438946817,33182657,1,0,Twitter for iPhone,2021-01-12 08:45:32
1347517057160642561,33182657,1,0,Twitter for iPhone,2021-01-08 12:14:36
1347507794900037633,33182657,0,1,Twitter for iPhone,2021-01-08 11:37:48
1347470411626381320,33182657,0,0,Twitter for iPhone,2021-01-08 09:09:15
1346794730617769985,33182657,2,2,Twitter for iPhone,2021-01-06 12:24:20
1341077297013657608,33182657,1,1,Twitter for iPhone,2020-12-21 17:45:18
1341023315364900864,33182657,2,1,Twitter for iPhone,2020-12-21 14:10:48
1339565013267329025,33182657,0,0,Twitter for iPhone,2020-12-17 13:36:01
1338841770969477121,33182657,0,0,Twitter for iPhone,2020-12-15 13:42:07
1333736932199854081,33182657,0,1,Twitter for iPhone,2020-12-01 11:37:18
1367781075540402179,277509450,3,3,TweetDeck,2021-03-05 10:16:35
1367714262299406338,277509450,4,5,TweetDeck,2021-03-05 05:51:05
1365247035423752195,277509450,2,4,TweetDeck,2021-02-26 10:27:12
1364219186323484676,277509450,0,0,TweetDeck,2021-02-23 14:22:54
1362342758422355970,277509450,1,1,TweetDeck,2021-02-18 10:06:39
1356909842015916036,277509450,2,4,TweetDeck,2021-02-03 10:18:11
1363154115682066432,1094941153,0,0,Twitter Web App,2021-02-20 15:50:42
1346851714184458242,1094941153,0,0,Twitter for Android,2021-01-06 16:10:46
1343240968808628228,1094941153,0,0,Twitter for Android,2020-12-27 17:02:57
1343155998203277314,1094941153,0,0,Twitter for Android,2020-12-27 11:25:19
1342562104688128000,1094941153,0,0,Twitter for Android,2020-12-25 20:05:24
1342561678572056578,1094941153,0,0,Twitter for Android,2020-12-25 20:03:42
1330605453898887172,1094941153,0,0,Twitter for Android,2020-11-22 20:13:56
1330080150608891904,1094941153,0,0,Twitter for Android,2020-11-21 09:26:34
1364970127595364357,255002729,0,0,Twitter for iPhone,2021-02-25 16:06:52
1364592215431897091,255002729,0,4,Twitter Web App,2021-02-24 15:05:11
1355145650300735489,255002729,1,2,Twitter for iPhone,2021-01-29 13:27:55
1339373503624196097,255002729,0,0,Twitter for iPhone,2020-12-17 00:55:02
1338620495802097666,255002729,1,7,Twitter Web App,2020-12-14 23:02:51
1338498501832024064,255002729,2,6,Twitter for iPhone,2020-12-14 14:58:05
1338287540806307840,255002729,0,0,Twitter for iPhone,2020-12-14 00:59:48
1338139527865626625,255002729,0,4,Twitter for iPhone,2020-12-13 15:11:39
1337584364620828672,255002729,2,5,Twitter for iPhone,2020-12-12 02:25:38
1337186824603770881,255002729,4,8,Twitter Web App,2020-12-11 00:05:57
1337036285157007360,255002729,1,2,Twitter for iPhone,2020-12-10 14:07:45
1336322429455540224,255002729,1,5,Twitter for iPhone,2020-12-08 14:51:09
1328311783258460163,255002729,1,5,Twitter for iPhone,2020-11-16 12:19:42
1328310681549107200,255002729,0,1,Twitter for iPhone,2020-11-16 12:15:19
1328309907603517440,255002729,1,15,Twitter for iPhone,2020-11-16 12:12:15
1363896714869018633,788887712,7,7,Buffer,2021-02-22 17:01:31
1363786269445271552,788887712,5,5,Twitter Web App,2021-02-22 09:42:39
1363050969160949760,788887712,4,3,Buffer,2021-02-20 09:00:49
1362719925509447687,788887712,6,8,Buffer,2021-02-19 11:05:23
1355440848025088002,788887712,11,7,Buffer,2021-01-30 09:00:55
1355109796354076672,788887712,11,12,Buffer,2021-01-29 11:05:26
1336762836274450432,788887712,5,5,Buffer,2020-12-09 20:01:10
1336718074058313728,788887712,9,7,Buffer,2020-12-09 17:03:18
1335147062539792384,788887712,5,7,Buffer,2020-12-05 09:00:40
1334816088241082373,788887712,7,6,Buffer,2020-12-04 11:05:29
1333456336554758145,788887712,5,3,Buffer,2020-11-30 17:02:19
1332610306980409345,788887712,5,6,Buffer,2020-11-28 09:00:30
1367769372320743426,257022910,0,0,Editor twitter euskera,2021-03-05 09:30:04
1363893013852921856,257022910,0,0,Editor twitter euskera,2021-02-22 16:46:49
1361655268631842816,257022910,1,0,Editor twitter euskera,2021-02-16 12:34:49
1360243463334359041,257022910,0,0,Editor twitter euskera,2021-02-12 15:04:48
1355094762664177666,257022910,1,0,Editor twitter euskera,2021-01-29 10:05:42
1353712686236917762,257022910,1,0,Editor twitter euskera,2021-01-25 14:33:49
1351904914931396608,257022910,1,0,Editor twitter euskera,2021-01-20 14:50:23
1351850976928522241,257022910,1,2,Editor twitter euskera,2021-01-20 11:16:03
1351509182630023168,257022910,1,0,Editor twitter euskera,2021-01-19 12:37:53
1350028750994477061,257022910,0,0,Editor twitter euskera,2021-01-15 10:35:11
1349703165160132609,257022910,0,0,Editor twitter euskera,2021-01-14 13:01:25
1348927324167790593,257022910,0,0,Editor twitter euskera,2021-01-12 09:38:30
1347218881727913989,257022910,0,0,Editor twitter euskera,2021-01-07 16:29:46
