user_id,indegree,outdegree,auth,closeness
100044793,0,514,0,3.49756076150106e-12
1002266713,7,1797,0.20517372481272,3.49525547978751e-12
100481809,1,335,0.00460126745845986,3.49524405548185e-12
100515720,1,225,0.00979070158723944,8.0474067118615e-13
100539810,6,1027,0.00967808122766214,3.49525314389818e-12
1006079186,1,3926,0.000513944087492981,3.49524577534187e-12
100611628,2,903,0.199223260930869,3.49525421081561e-12
1007026639,0,231,0,8.04745003113346e-13
1009116900,0,236,0,8.04748613088302e-13
1009664899,1,441,2.37082033742739e-05,8.04896649952434e-13
1010990306,6,846,0.0712517628878559,3.49525510879965e-12
1011614880,0,1052,0,8.0533819527274e-13
1011864553,0,920,0,8.05242763120622e-13
101211935,1,677,0.197925550670302,3.49525404346986e-12
1012203103,1,272,0.0331407703510299,3.49524931029669e-12
101524444,5,171,0.0101633218538417,3.49524515657616e-12
102015242,12,4307,0.0237394542412943,3.49525076265108e-12
1020559236,0,403,0,3.49709730020134e-12
102100426,1,1138,0.00115499413472202,3.49525485264985e-12
102420396,0,588,0,8.05002836750269e-13
1024690117,2,376,0.0188275705397067,3.4952523877765e-12
1024980008,0,252,0,8.0476016522581e-13
1027056698,0,532,0,8.04962381333312e-13
1028961271,0,351,0,8.04831651452216e-13
103163709,0,901,0,8.05229028536513e-13
103596271,2,1994,0.00692742760411778,3.49524786963495e-12
1039872500807753728,6,969,0.0301161108866813,3.49525473122702e-12
1042698590,0,329,0,8.04815764526605e-13
1042775382,1,3895,0.0048248878648005,3.49525625590946e-12
104431004,4,1158,0.0594323796882581,3.49525016213546e-12
1045755804,0,193,0,8.0471756836207e-13
1047513810,0,1162,0,8.05417739347044e-13
1053897615295856640,1,1282,0.000944531079734439,3.49524674423981e-12
1055125529744101381,25,1711,0.0168927440037031,3.49524739885004e-12
105629019,1,1155,0.00704156033031259,3.49524817020386e-12
1058869963,0,1612,0,8.05842481161768e-13
105922645,17,2147,0.0486711530483028,3.4952570580658e-12
1060498864271228933,16,555,0.00784888698720058,3.49524199752586e-12
1061485039,0,1011,0,8.05308551046195e-13
1061719765,0,409,0,8.0487353817181e-13
1064192252,0,1710,0,3.50174270334072e-12
106512574,2,1386,0.200986043674747,3.49525547954317e-12
1071331740,0,475,0,3.49963494137474e-12
1072499624,0,1017,0,8.0531288908937e-13
1075059108741554176,3,0,0.201224101915274,8.04578257575862e-13
1076555946548178944,9,419,0.00574461247603763,3.49524094285703e-12
1077311989,5,2509,0.00758009960259052,3.49525230778096e-12
108042034,5,3337,0.0376157435171118,3.49525362219797e-12
108076878,0,684,0,8.05072198354994e-13
1083044271014465537,16,1448,0.0115684719798355,3.49524377651282e-12
1084555597,0,537,0,8.05221076920453e-13
1086506976,0,351,0,8.04831651452216e-13
1086656150,1,522,8.369771838298e-05,8.05591344037302e-13
1092201601,3,1540,0.0266119341822166,3.4952544389644e-12
1098335532814356480,2,251,0.198693007847731,3.49525435428973e-12
1100144216309665793,6,137,0.00204032719193809,3.49524382525757e-12
1103555528,10,461,0.011184106461114,3.49524925375749e-12
1109091587500527617,7,946,0.203966491716832,3.4952548103064e-12
1110352074,12,1848,0.0242083308623434,3.4952529923855e-12
111724395,1,300,0.000212801794676049,8.04794823628384e-13
1118521720019746817,11,220,0.00848084062683782,3.49524510416635e-12
1119926028,0,635,0,8.05036793542526e-13
1123166877818212352,14,617,0.0322228131353869,3.49525327714676e-12
1127945989,0,454,0,8.04906039492453e-13
1128325658,0,280,0,8.04780382264527e-13
1129451670,1,602,0.00976300293927145,3.49524992389618e-12
1137487915657912320,0,160,0,8.04693744964014e-13
1140122838,0,335,0,8.04820097262297e-13
1141967100774424576,3,346,0.0234442169307411,3.49525452100024e-12
1143089876,1,1029,2.12136208748411e-06,8.05351210474047e-13
1145395669,0,415,0,8.04877871529576e-13
114657300,1,3621,0.00226038989960248,3.49523870517269e-12
1149317273401929728,0,186,0,8.04712514796124e-13
1151931745,0,213,0,8.04732007471669e-13
1153260566,0,283,0,8.04782548436065e-13
1159538480,11,2046,0.363674101307413,3.49525682825518e-12
1162309748,0,156,0,8.04690857375252e-13
1162361661266759691,0,386,0,3.4968149490812e-12
116383117,2,263,0.00195708750570398,3.49524398822875e-12
1164566509,1,336,1.71678191760515e-05,8.04898816679948e-13
1167352727481061378,1,396,0.0194184563191029,3.49525038599564e-12
1168920360,1,308,4.01524177654164e-05,8.04800600319048e-13
117029929,34,2130,0.0564957810393944,3.49525441961298e-12
1172865618,0,0,0,0
11798532,1,772,0.00157014564057942,3.49525083344731e-12
1180379792,2,717,0.000211355267554173,8.07650639420808e-13
1180868341516378114,0,0,0,0
118357405,0,299,0,8.04794101547882e-13
1183693609,2,4058,0.0174192651876897,3.49524880229913e-12
1184330655443890182,0,1990,0,8.06016993958976e-13
1186395913352306689,7,555,0.00503414613671779,3.49523776217859e-12
1186946766,0,964,0,8.0527457132486e-13
1187914729,0,676,0,8.05066417764738e-13
1188275324229947393,8,436,0.00597913589512931,3.49524388876013e-12
1188547359720067073,1,179,0.000388596652722655,3.49524424848178e-12
1189275465283964929,6,221,0.00414883925352746,3.49524553364584e-12
1190241897870249984,0,107,0,8.04655486094712e-13
119181575,4,4511,0.226672314292042,3.49525636016777e-12
119194942,1,989,0.000171291717071877,8.05292645287731e-13
1194302059711008768,7,391,0.0248590709576279,3.4952530451254e-12
1195400462012485634,0,1282,0,8.06003232503531e-13
1196146710,0,276,0,8.04777494053949e-13
119667555,23,211,0.236330498923552,3.49525555387025e-12
1201683126,1,67,5.17903647091736e-05,8.04626613885219e-13
1203445090271797248,0,81,0,8.04636718922854e-13
1206267637761744901,6,5990,0.00431430439091151,3.4952410387582e-12
121176154,5,3593,0.249134656671789,3.4952567477952e-12
1212281780,6,2641,0.175273780705847,3.49525714159221e-12
121454999,0,438,0,8.04894483166616e-13
1214555222099365888,2,199,0.00124363450743679,3.49524447193804e-12
1215412435378634754,4,2,0.00241428174206322,8.04579700963623e-13
121544131,34,481,0.0605801831515319,3.49525247132712e-12
1218590303868870663,6,338,0.00433381840529675,3.49524406896912e-12
1221702677073223681,39,680,0.0415519959783412,3.49523907539963e-12
122319254,6,1826,0.223823816229097,3.49525463599702e-12
1226199451,3,48,0.00128046035666768,8.04612900311528e-13
1229106862412517376,16,347,0.00709863715993468,3.4952473110971e-12
1229119396603453441,0,2400,0,8.06314056536697e-13
123047937,0,256,0,8.04763053312009e-13
1231532169534767104,2,946,0.0171956447809029,3.49524823792137e-12
1234277173,1,273,1.11599942496299e-05,8.04908206221281e-13
1236979356,0,82,0,8.04637440720968e-13
1242164118,0,798,0,8.05154580786869e-13
1243984313961635840,10,674,0.0065764830426246,3.49524578466325e-12
1244594318,0,170,0,8.04700964026587e-13
1246111343197016064,0,26,0,8.04597022020708e-13
1246155817440739331,1,138,0.00146584137773599,3.49524099090535e-12
1248035948853673988,0,858,0,3.49812023186776e-12
1248513751210512384,17,3219,0.0139875504283321,3.49525126428427e-12
1252243937080815620,26,4743,0.01001342200448,3.49524582529613e-12
1253387334470565888,9,653,0.00450514221498613,3.4952400842547e-12
1253970074,0,151,0,8.04687247918442e-13
1254338155,0,130,0,8.04672088553431e-13
125463912,0,773,0,8.05136513020828e-13
1263005269,0,551,0,8.04976106822584e-13
1264681886045147136,0,86,0,8.04640327926377e-13
1268778571,17,1288,0.0375083348318836,3.49525277067515e-12
126939997,1,1973,0.00484497189029981,3.49525041209067e-12
1270201057,1,356,2.79304887851924e-05,8.048352622046e-13
1270528657,0,92,0,8.0464465877334e-13
127636330,0,667,0,8.05059914699925e-13
1277059098077540352,0,304,0,8.0479771196335e-13
1278130646,0,122,0,8.04666313707474e-13
1280657332725321728,12,461,0.00427582078993207,3.49524086486556e-12
1284437933920067584,10,431,0.00565291388371901,3.49524382815293e-12
1288674685,10,10,0.0411334100869982,8.04585474566455e-13
1289843713,1,223,2.67051785993064e-05,8.04908206188887e-13
129267780,7,2461,0.221929270563048,3.49525665756177e-12
129547986,5,749,0.00705059861007038,3.49525114831036e-12
1300226874451333122,2,79,0.00196300186241866,3.49523753678073e-12
1300421947,0,1881,0,3.51557400166906e-12
1302156415210082305,0,508,0,3.49978530670105e-12
130383923,19,3008,0.0107544600576774,3.49524871696503e-12
1308408110348931072,7,478,0.0230964072945534,3.49525163406185e-12
130866861,6,1737,0.0341383310710753,3.49524923087549e-12
1311252912,8,1732,0.23279454418033,3.49525734562538e-12
1315717406086574080,0,130,0,3.49561179085716e-12
1319624670925258753,1,145,0.000978264817197972,3.49523883218966e-12
1319872104,8,621,0.0344279148601938,3.49525335556638e-12
131991099,0,1070,0,8.05351210500639e-13
132012068,4,1398,0.0107388919429624,3.49524934614069e-12
1321622071902937090,0,244,0,3.49626580431531e-12
1323339757007572994,6,32,0.00704700837291359,3.49523757413935e-12
132666884,14,1806,0.266365415462484,3.49525540850242e-12
1326990180,0,754,0,3.5009165131979e-12
1330770397827133443,0,103,0,3.49568951622819e-12
1331021249682808840,14,1629,0.00643156170146078,3.49524406195672e-12
1332588066,0,639,0,8.05039683614572e-13
1334155293337530368,0,9,0,8.04584752861569e-13
1334534659,0,363,0,8.05512488723705e-13
1334611321,0,277,0,8.0477821610465e-13
133693469,2,500,0.147101766708961,3.49525431269152e-12
1338747702,8,518,0.0308828249270697,3.49525307141594e-12
133936058,3,3740,0.00294806540314562,3.49523783307202e-12
134178750,35,538,0.0895112272338113,3.49525342054751e-12
1344879324,0,354,0,8.04833817899759e-13
1350195234563645442,3,93,0.00366098973312821,3.49524726015323e-12
1352050368151236615,1,59,0.000242722073844269,3.49524304006411e-12
1352119562,0,502,0,8.04940710461097e-13
135591166,8,1737,0.193156797841557,3.49525498195254e-12
135642125,7,5187,0.179800386930002,3.49525606639e-12
135793103,15,1017,0.022871696282738,3.49524842979781e-12
1361930761,1,296,4.6653957978046e-05,8.05331687332069e-13
136394031,0,590,0,3.50123434954369e-12
1366518552,0,140,0,8.04679307227439e-13
1372981392,9,4985,0.0337238595034077,3.49525506045774e-12
137844148,3,3686,0.00608156428630142,3.4952550124579e-12
138125846,0,704,0,3.49727094672561e-12
1394210544,1,396,5.93297301045788e-05,8.06791986283103e-13
139460759,2,1068,0.0129538109311057,3.49524917081786e-12
139975953,2,391,0.0407414327981196,8.04860538378469e-13
140183463,3,539,0.00281726730707557,3.49524485473723e-12
140404170,0,236,0,8.04748613088302e-13
140795123,5,195,0.00290907437770996,3.49523762348254e-12
1409664654,0,100,0,8.04650433308477e-13
1412887704,4,519,0.236810734913907,3.49525418618653e-12
14159575,58,5273,0.129958697932756,3.49525484042083e-12
141683077,0,392,0,8.04861260578193e-13
142709143,6,1747,0.224374125431,3.4952561349019e-12
142805368,1,989,0.000603762043934989,3.49525095771638e-12
1428703766,0,324,0,8.04812153949164e-13
143470736,1,2742,0.0032486822524831,3.49524876375524e-12
143601625,0,143,0,8.04681472854898e-13
1438240316,1,814,0.00264664007509934,3.49971878664662e-12
1438278217,0,398,0,8.04865593803758e-13
1446800557,2,3881,0.198504870110446,3.49525436474732e-12
1454998146,0,217,0,8.04734895355769e-13
1457645600,0,293,0,8.04789769092079e-13
1462105106,0,746,0,8.05117000744268e-13
146251287,0,264,0,3.49657927023712e-12
146791754,11,1167,0.402740023603569,3.49525436020267e-12
148286025,53,460,0.086385208029134,3.49525015259416e-12
148385313,0,921,0,8.05243486006449e-13
148500617,0,648,0,8.05046186352545e-13
14860046,6,32,0.00236684273169842,3.49523692615424e-12
148787563,0,954,0,8.05267341966875e-13
1490661829,0,219,0,8.04736339305592e-13
14937151,0,872,0,3.5007837691443e-12
149605037,0,108,0,8.04656207926497e-13
1496368206,0,200,0,8.04722621991489e-13
1500507805,0,31,0,8.04600630668138e-13
15022080,9,3157,0.0340765886637355,3.49525441007166e-12
150344776,0,185,0,3.50087509722217e-12
150618405,6,1138,0.00895294148374248,8.05549383012509e-13
150990323,1,243,0.00102702491078159,3.49524977857768e-12
1510843676,3,269,0.0136864153015772,3.49525065746462e-12
15115726,28,2318,0.209483773220919,8.06254626504962e-13
1519364126,2,305,0.198016634526634,3.49525403594431e-12
1520651402,7,5048,0.0112879229553311,3.49525666740853e-12
1524814164,1,911,1.43042438192133e-05,8.05591344289754e-13
1527130885,6,1932,0.238906777788194,3.49525539122785e-12
1527877579,0,47,0,8.0461217855744e-13
1528288849,0,85,0,3.49578479227767e-12
1534674193,0,495,0,8.04935654092139e-13
1535881693,0,243,0,8.04753667107652e-13
153816503,8,1407,0.0559549065281097,3.49525459463092e-12
1541801100,0,328,0,8.04815042408525e-13
154272821,0,212,0,3.49634502800252e-12
1542851323,0,134,0,8.04674976007492e-13
1543185306,0,268,0,8.04771717694983e-13
1543220726,1,361,1.85972167068746e-05,8.05103992847417e-13
1546370617,0,163,0,8.0485981603299e-13
155235799,10,586,0.0134388718468966,3.49524739277831e-12
155236974,1,758,0.000121078846145813,8.06377118325102e-13
155948100,0,259,0,3.49637493845231e-12
1560944155,1,420,0.000124637616473528,3.51038349078063e-12
1564027536,0,287,0,8.04785436682923e-13
1576354075,2,1004,0.00981300611899839,3.49525008214003e-12
1583182562,0,784,0,8.05144462737984e-13
158772213,0,1775,0,3.52456341855311e-12
159072956,107,42180,0.62382315609205,3.49526221178858e-12
15915380,11,1547,0.289162960064896,3.49525618233979e-12
1591864093,0,462,0,8.05309996698057e-13
1601801340,0,128,0,8.04670644834171e-13
1606017025,2,506,8.47039007876388e-05,8.05630415490026e-13
1606765267,0,334,0,8.04819375136442e-13
161021621,27,4246,0.281261628466872,3.49525624165243e-12
1612616934,2,1364,0.00177271457630202,3.4952493615216e-12
1613713206,3,316,0.019483177766243,3.4952500264682e-12
1620060326,0,219,0,8.04736339305592e-13
162405819,2,735,0.000338830175492962,3.49525274895369e-12
16265631,4,3199,0.0147161846243479,3.49525190754679e-12
162841104,0,676,0,8.05066417764738e-13
1631071712,0,133,0,8.04674254142034e-13
163204065,0,2908,0,3.50932772414653e-12
1637828341,1,3133,0.00482488786556028,3.49523465133639e-12
1645009134,1,1157,0.146123501890964,3.4952574313997e-12
1656487266,0,242,0,8.04752945101001e-13
166217631,0,361,0,3.4980084265428e-12
166479666,1,580,0.000589427219803096,3.49524541054996e-12
1665225241,0,136,0,8.04676419742294e-13
1674268189,0,228,0,8.04742837143919e-13
1680580092,0,251,0,8.04759443207499e-13
1683181435,2,1038,0.000153713210580061,8.06377118988351e-13
168446862,0,763,0,8.05129286141457e-13
1685036006,2,689,0.0276962754283648,3.49525253803079e-12
168520210,10,1352,0.0382706705906468,3.49525357915819e-12
16864693,0,195,0,8.04719012249713e-13
16872273,0,142,0,8.04680750977783e-13
168822988,1,277,0.000830350793716485,3.4952476211339e-12
16883794,9,4564,0.0126843384643931,3.49524508553583e-12
1689484730,0,280,0,3.49813457312973e-12
1691959494,0,988,0,8.05291922313639e-13
169682122,2,606,0.00242617511978897,3.49523965392138e-12
1697360292,27,3877,0.0571378321971768,3.49525426438628e-12
169970454,0,173,0,8.04703129770617e-13
1701413168,0,315,0,8.04805654991406e-13
1706649516,1,1804,0.0123765946351201,3.49525656246606e-12
1707651812,1,136,4.46690767094172e-05,8.04898816550376e-13
1707735937,0,180,0,8.04708183218688e-13
1708941223,0,489,0,3.49835347335378e-12
1723565570,1,19,0.000142926594186884,8.04591969968687e-13
172388258,9,172,0.0210295121090144,3.49524413335129e-12
17363730,1,661,0.00167420924375862,8.05055579381749e-13
17371085,1,2124,0.00188974603103537,3.49524871391084e-12
17629793,0,1419,0,3.5028746895382e-12
177120205,0,338,0,8.04822263647637e-13
17820695,1,1178,0.00223337629777272,3.49524590340999e-12
179028690,21,2317,0.0230390119891314,3.49524933960472e-12
17919801,3,1351,0.00840732801909425,3.4952532977565e-12
179695486,5,1146,0.00286396684673294,3.49524224613606e-12
17989551,9,2030,0.0454107592450237,3.49525738396177e-12
180571299,0,483,0,8.0492698617886e-13
18082788,0,31,0,8.04600630668138e-13
181218060,1,620,5.2302274798658e-06,8.0516975820801e-13
181252181,8,3916,0.0234974793328784,3.49525521993596e-12
181297332,0,155,0,3.49646096913431e-12
181472023,0,592,0,3.49947126733235e-12
1816285836,1,1193,0.016961468662134,3.49525229606506e-12
182783134,11,2377,0.206839099655111,3.49525461480086e-12
182971274,0,257,0,3.49615678687678e-12
183184911,7,3512,0.408740120674631,3.4952590455606e-12
1834768836,0,307,0,8.0479987822818e-13
183583012,0,425,0,8.04885093896212e-13
18447733,30,5935,0.459811491385082,3.49525726482331e-12
184554911,0,270,0,3.49731545399862e-12
18483956,7,1036,0.0122184699993052,3.49524813416442e-12
184909162,4,589,0.000415404876939756,8.06791987778902e-13
1852133064,1,332,1.07107763269241e-05,8.04893760839245e-13
185608669,12,1669,0.0162975945482848,3.49525202378951e-12
185732836,0,231,0,8.05241316674622e-13
185789961,0,696,0,8.05080869396027e-13
186170312,0,1215,0,8.05456070737955e-13
186436549,2,1126,0.00290452118671415,3.49525088765315e-12
186478529,0,870,0,8.05206620484041e-13
1864914674,0,113,0,8.0465981710485e-13
187284953,0,657,0,3.50005827318245e-12
187981835,0,2064,0,3.51979267985562e-12
1880814974,1,231,1.14325221839945e-05,8.04893760773811e-13
1883499115,46,27352,0.615621738749482,3.49525978939502e-12
188483256,16,1097,0.0253516688240091,3.49525237746553e-12
18882085,24,4988,0.250814595146525,3.49525730671479e-12
1890704658,0,288,0,8.04786158747876e-13
189483812,0,200,0,8.04722621991489e-13
1898727265,1,318,0.00522707212071313,3.49524613544262e-12
190155538,0,181,0,8.04708905145022e-13
191125339,0,496,0,8.04936376426673e-13
19113547,2,337,0.00572235868286297,8.05450284069421e-13
191536547,1,238,0.000126885236781104,3.49524464034573e-12
193375862,1,983,0.197925550669996,3.49525405205827e-12
19365509,1,1233,0.0070109477411633,3.49524939946688e-12
1948528128,2,721,0.000364118529659884,3.49523844760816e-12
194941226,0,1235,0,8.05470536361964e-13
195065263,165,36793,0.643719164071114,3.49526259789021e-12
195907411,0,916,0,8.05239871590295e-13
196124212,70,6485,0.110895460001411,3.49525763737537e-12
1964181102,0,1165,0,8.05419908951006e-13
1968593088,2,537,0.00211727058788231,8.05573256578464e-13
196946831,0,189,0,8.04714680602329e-13
1972435772,0,297,0,8.04792657390765e-13
1975099231,1,0,0.000142926594205822,8.04578257575862e-13
198205905,4,373,0.0289683195063328,3.49525290080842e-12
200177084,0,1441,0,3.5029698937783e-12
201846520,0,287,0,8.04785436682923e-13
202693425,0,906,0,3.49798488268074e-12
202712254,7,3139,0.0173186440797566,3.49525442673538e-12
204037006,0,100,0,8.04650433308477e-13
204434260,5,1463,0.022637057636408,3.49525342551975e-12
20526714,12,474,0.241461296176895,3.49525438224178e-12
205749364,101,2724,0.175810612040225,3.49525806739548e-12
205854723,0,569,0,8.04989110349456e-13
206646021,0,1129,0,3.50261060872994e-12
206832152,31,1275,0.0850292557863533,3.49525504885177e-12
207669006,9,2612,0.180367852394786,3.49525743135083e-12
208190399,0,219,0,8.04736339305592e-13
208997341,21,2646,0.0526610502542372,3.49525463982088e-12
210361370,10,726,0.0649871317853188,3.49525499844523e-12
210472784,2,385,0.00691526716318904,3.49524958440433e-12
210571585,1,538,0.000653763015230588,3.49524439314011e-12
210907690,5,3219,0.0269128148122765,3.49524196179196e-12
211674312,0,469,0,3.49792663979603e-12
212551202,4,2300,0.0112502086615151,3.49525405240034e-12
213020479,0,375,0,8.04848983359138e-13
213426867,64,0,0.135928142416998,8.04578257575862e-13
21361705,239,98453,0.834280082301378,3.49526451336062e-12
214515740,8,952,0.0275453794171261,3.49525486492774e-12
214733538,0,343,0,8.04825874315788e-13
2149155871,0,184,0,8.04711070931797e-13
215212887,1,180,0.0169614686631437,3.49525305086729e-12
2154472079,2,783,6.87069467705588e-05,8.05573256849724e-13
2155543177,36,4401,0.0745907926240874,3.49525450238183e-12
215614178,3,746,0.14907837098304,3.49524854983972e-12
2156908158,0,375,0,8.04848983359138e-13
215982068,1,672,0.197925550670307,3.4952540443006e-12
2163591820,0,211,0,8.04730563537392e-13
216758395,1,925,0.000265372246078976,3.50483909994193e-12
2168281285,19,30104,0.0700398510075843,3.49525782183724e-12
217135519,1,709,4.06013161976116e-05,8.05314334913104e-13
2172925964,1,215,2.87578381878445e-05,8.05573256209861e-13
2173986524,24,256,0.0385465896530187,3.49525234096176e-12
217427396,16,426,0.0412916667702446,3.49525294535085e-12
217779492,23,2352,0.0968303137380854,3.4952570345362e-12
2179612781,0,178,0,3.50265839780868e-12
218432733,2,261,0.00114673828245302,3.49523940178092e-12
2194747532,3,2014,0.181831796797464,3.49525622545293e-12
2197204781,11,1191,0.0342066351599778,3.49525298175689e-12
220148402,0,268,0,8.04771717694983e-13
220477794,6,628,0.00402456300732015,3.49525158551235e-12
220736409,22,2147,0.404307806462409,3.49525639746571e-12
220776890,0,96,0,8.04647546030548e-13
221037110,9,1710,0.0397422761488271,3.49524526679558e-12
2213194992,2,671,0.0132871264428847,3.49524643035489e-12
221333461,1,593,5.65632649881786e-05,3.50898887996923e-12
2214175986,0,115,0,8.04661260785256e-13
221835704,14,2524,0.405209671690857,3.49525644362085e-12
2218972962,0,8,0,8.04584031157978e-13
2222387463,0,382,0,8.0485403863927e-13
2223469662,0,362,0,8.04839595150228e-13
2225006623,0,101,0,8.04651155131197e-13
222800006,24,5145,0.42272803732859,3.49525586080545e-12
223181175,17,902,0.049186484806098,3.49525417363988e-12
223499304,9,2107,0.0337236652981752,3.49525381243795e-12
2235392337,2,942,3.91725561573474e-05,8.07650637987706e-13
2240482024,18,1553,0.0472165909799668,3.49525445804705e-12
2241810495,3,375,0.0187230301983524,3.49525234323408e-12
224338096,0,104,0,8.04653320607127e-13
2244512220,0,70,0,8.0462877922906e-13
2246920053,0,1120,0,8.05934434245677e-13
224741510,17,2053,0.042402337488845,3.4952502558992e-12
2248094633,0,661,0,8.05055579381749e-13
2250729871,1,312,0.00102702491071283,3.49524633946229e-12
225175229,0,314,0,8.04804932891468e-13
225443759,0,110,0,8.04657651593953e-13
2255401050,1,400,3.42388295709296e-05,8.04867038222648e-13
2258664970,0,165,0,8.0469735447911e-13
2260591017,0,300,0,8.04794823628384e-13
2263146054,10,1853,0.216270076123066,3.49525579990463e-12
226728523,27,464,0.0442440687695354,3.49524943848724e-12
227464142,1,124,0.000184213361136791,8.04667757411193e-13
229060154,1,1582,0.00183517044399598,3.49524408294506e-12
22950900,53,1155,0.0930666409399234,3.49525389629407e-12
229554511,25,5031,0.321938050823052,3.49525912242893e-12
229772420,7,1447,0.0362608886000922,3.49525300175578e-12
2297962925,6,234,0.00410523655711561,3.49524208645134e-12
2312591036,0,32,0,8.04601352401508e-13
2315098607,6,971,0.00381822821085011,3.49524586534262e-12
2318544869,4,882,0.0126284678184027,3.49525634393162e-12
2328915407,0,946,0,8.05261558573944e-13
2330309927,4,1273,0.042575107549295,3.4952428506316e-12
233470337,2,1389,0.00116309061301412,3.49525451757953e-12
233634604,0,159,0,8.04693023064881e-13
233655225,2,482,0.00865051003805293,8.0492626386118e-13
2340489102,13,2098,0.0515465884918946,3.49525513265908e-12
2354506006,1,606,0.00042469502493821,3.4952386682172e-12
2359043272,5,1523,0.428012612126123,3.49525694459596e-12
2359887632,0,260,0,8.04765941418937e-13
236918656,5,4907,0.0650551940242259,3.49525496879503e-12
237319178,25,2428,0.0773495012606567,3.49525527009818e-12
237839609,105,13326,0.191400838954504,3.49525825691516e-12
238104061,10,1636,0.234595481742836,3.49525456862134e-12
238543795,0,255,0,3.49722396964049e-12
238698933,13,3008,0.469177155133298,3.49525766278637e-12
238711545,1,1966,0.0013202143181851,3.49524250464184e-12
2392706936,11,10931,0.250887385318726,3.49525740339874e-12
2393197506,0,861,0,8.05200115154016e-13
239424561,10,406,0.0208616932688843,3.49525098409241e-12
240149663,6,792,0.375707536107684,3.49525829409098e-12
240304353,1,878,2.26896585078163e-05,8.0533168770953e-13
240805460,23,4249,0.0422670207699611,3.49525597185629e-12
241062482,0,1497,0,3.50136648210821e-12
241239833,0,731,0,3.49948492612397e-12
2412554661,1,2006,0.197925550668977,3.49525407639414e-12
241265297,37,5127,0.510161172816026,3.49525785057122e-12
2422175545,1,1692,0.0194184563178107,3.49525041559689e-12
242511903,2,2218,0.0129655428807306,3.49524070753879e-12
242522290,0,382,0,8.0485403863927e-13
242725020,6,2402,0.021942078247821,3.49525315565074e-12
242835524,3,970,0.0227482048263029,3.49525289061961e-12
2432250319,9,999,0.0240356456016123,3.49525313873048e-12
2435227451,42,516,0.0264826456733596,3.49522862197046e-12
243646592,0,765,0,3.50136011751641e-12
243807141,1,1075,0.019418456318426,3.4952502213013e-12
244982488,19,5001,0.279034402745712,3.49525828387771e-12
245113308,2,242,0.00768966847597564,3.495247825056e-12
245126167,5,475,0.216793832270789,3.49525522052237e-12
2451869025,0,133,0,3.49543096873135e-12
2452950231,0,678,0,8.05283246532539e-13
245302776,1,222,0.000701052939800241,3.49524565449385e-12
245376097,0,642,0,3.49826006105832e-12
2457569157,2,171,2.06351026287143e-05,8.05041850876972e-13
245780158,2,176,0.00199908240731592,3.49524771960095e-12
2459908436,0,241,0,8.04752223095646e-13
246369119,15,7495,0.254264631478377,3.4952556677798e-12
246739853,3,706,0.147727595162296,3.49525587506247e-12
246882293,0,281,0,3.49630668745631e-12
247292021,0,969,0,8.0527818605253e-13
247659262,1,1165,0.00209340064610714,3.49522868029262e-12
248200972,0,106,0,8.04654764264222e-13
248213654,78,4623,0.164096823815949,3.49525806548966e-12
248267147,17,993,0.451803629221134,3.49525210723017e-12
2484572847,0,140,0,8.04679307227439e-13
2485130517,3,746,0.0290100488668008,3.49525451132453e-12
248641111,8,5624,0.357191376689331,3.49525573949249e-12
2486604652,0,1849,0,3.51079081629203e-12
249247178,0,466,0,3.49825659193252e-12
249303934,1,346,5.48839297221061e-05,3.49523724307942e-12
2496993323,0,84,0,8.04638884321083e-13
2504581204,0,115,0,8.04661260785256e-13
250629260,0,1271,0,3.50446555220029e-12
250655439,30,8555,0.462836971674495,3.4952568991616e-12
250800885,1,383,0.000129735463379335,3.49524482914316e-12
250902224,0,470,0,3.49667751269454e-12
2510651177,0,336,0,3.49608101721367e-12
251718832,2,740,0.344049052562356,3.49525582846754e-12
252484774,1,465,0.00124645018649706,3.49524455677104e-12
252703624,3,2072,0.198884162719969,3.49525437917536e-12
253150708,26,2054,0.0663132631933044,3.49525635856737e-12
253311701,0,172,0,8.04702407854645e-13
253585444,2,1451,0.00347200611499633,8.05626798216084e-13
254049945,11,2345,0.0187038766596427,3.49524925612754e-12
254253084,0,1154,0,3.49870643227297e-12
255099505,0,132,0,3.49621120957902e-12
255110080,0,245,0,8.04755111124841e-13
255137188,13,1727,0.0351673233797504,3.49525705366774e-12
255578406,6,1307,0.362756101677364,3.49525449648111e-12
2559276083,0,934,0,3.50280209579368e-12
257578433,11,2961,0.412267397791319,3.49525914752231e-12
257705859,2,1056,0.0328848373271991,3.49525079682141e-12
2583590870,1,519,0.0004443320674995,8.04952990478756e-13
2589003921,37,39521,0.564557834643702,3.49526177645312e-12
259797406,0,77,0,8.04633831743345e-13
259848178,0,437,0,8.04893760907269e-13
260115329,0,441,0,8.04896649952434e-13
2604496847,1,489,0.00160894970658222,3.49524841468568e-12
260471164,0,171,0,8.04701685939968e-13
260926245,3,838,0.0194665735856088,3.49525003284535e-12
261121099,22,5001,0.437390924116886,3.4952582571595e-12
261225455,88,1739,0.562910764408369,3.49525673632361e-12
2622233883,5,1425,0.0109579792483359,3.49525061486472e-12
262679454,0,644,0,8.0504329623381e-13
262740121,0,287,0,8.04785436682923e-13
262850062,3,1290,0.0230074699291854,3.49525058347982e-12
263404798,0,315,0,3.49855676525412e-12
263689257,22,998,0.250188226789045,3.49525476013198e-12
263906729,67,797,0.333625059011389,3.49525738410837e-12
264120630,18,872,0.0517089741240752,3.495253977548e-12
264463869,0,945,0,3.50731182117039e-12
264907196,9,1925,0.465652300872357,3.49525813689702e-12
264979205,24,923,0.0678583733245523,3.49525287533641e-12
265347028,1,438,0.00123498216783827,8.04894483166616e-13
266002870,0,60,0,8.04621561461579e-13
266111879,2,598,0.000794310141497201,3.49524826515252e-12
266486016,26,1878,0.073478163804973,3.49525540919878e-12
266604783,0,344,0,8.04826596453306e-13
266659349,18,1871,0.0726838157101309,3.49525461317603e-12
266869933,1,406,0.146123501891712,3.49525529811132e-12
267178045,3,1194,0.00880951901839125,3.49525447069144e-12
267755229,0,579,0,3.49768916804062e-12
267822866,11,956,0.226780786834195,3.4952553406136e-12
2680565180,1,74,0.000130743638568604,8.05351209854643e-13
2688374084,0,131,0,8.04672810415003e-13
268989775,47,1949,0.279155360868632,3.49525561766644e-12
268991406,1,1431,0.00137148795669282,3.49525656883102e-12
269379415,1,587,0.197925550670391,3.49525420238601e-12
2696591883,0,431,0,8.05237702643644e-13
269705594,6,1770,0.214310223943043,3.49525512355756e-12
269860000,2,681,0.00685225029083084,3.49524907525831e-12
270000707,0,404,0,8.04869927075981e-13
270033444,11,2155,0.0484469643953652,3.49525452900224e-12
270228894,2,883,0.0259753842675898,3.4952520322924e-12
270275936,0,513,0,3.49896737136756e-12
271031808,0,389,0,8.04859093982908e-13
271606503,1,786,0.146123501891334,3.4952481360458e-12
271928157,1,881,0.197925550670098,3.49525421046132e-12
271959891,1,495,0.000483103317854939,3.49523886620094e-12
272159341,0,909,0,3.4980655193292e-12
2729000494,1,561,0.000975031486171412,3.49524358230349e-12
2729164919,0,200,0,8.04722621991489e-13
2731539329,1,790,0.197925550670189,3.49525404761136e-12
2732371425,0,49,0,8.0461362206691e-13
273619782,4,981,0.00623937844628287,3.49524840166261e-12
273905105,0,38,0,8.04605682828921e-13
273905774,21,1689,0.0561621565962051,3.49525405071442e-12
274066524,7,785,0.0138701787292825,3.49525290657475e-12
274180153,0,127,0,8.04669922976484e-13
274642725,0,215,0,8.04733451411128e-13
275802423,21,1310,0.0394303501867678,3.49525195711029e-12
2763182900,5,4972,0.0176606735474984,3.49525735208808e-12
276409755,5,686,0.0168386442625401,3.49524566305779e-12
277462026,1,606,0.000532486230109581,3.4952441284646e-12
277566049,2,925,0.00129386635584674,3.49524507373446e-12
278505896,2,705,0.00345040641217206,3.4952489093302e-12
278600099,17,6074,0.311008187969733,3.49525775355739e-12
278620151,2,1623,0.00270418156570065,3.4952477594398e-12
2787299937,3,2734,0.0260910199117731,3.49525211401049e-12
279964815,8,580,0.0187352587489301,3.49524528077153e-12
280577347,2,456,0.0287153134445582,3.49525173786786e-12
280702564,2,993,0.00363838364166568,3.49524781470841e-12
2807061,0,2468,0,3.50241973335242e-12
281106904,0,303,0,8.04796989877665e-13
281583744,0,146,0,8.04683638494013e-13
2818815209,1,2463,0.000428117816036531,3.49524762365055e-12
282110881,0,10,0,8.04585474566455e-13
282159522,0,1082,0,3.50712271773377e-12
282168528,33,3969,0.56226547793469,3.49525868338032e-12
282230500,1,972,0.0373564082035241,3.49525131407987e-12
2826699668,0,429,0,8.04887982879158e-13
282814299,5,862,0.0113941081848618,3.49524992785441e-12
2829847233,1,222,0.00167055501258408,3.49524813129348e-12
2830256525,1,746,0.000998289911226215,3.49523834344865e-12
283785561,6,2354,0.243813875418891,3.49525659129775e-12
284087730,6,3207,0.265248153655157,3.49525794657105e-12
2841107987,1,547,0.00473508412311278,3.49525061670946e-12
2843585524,27,876,0.0471552716170714,3.49525364586191e-12
2851950957,4,1011,0.00199824853348389,3.49524848230545e-12
285350513,0,194,0,8.04718290305244e-13
285739107,3,2234,0.0199610835742142,3.49525397322326e-12
286210085,9,3112,0.0419627595447635,3.49525520922182e-12
2864544752,5,1243,0.0355811377974149,3.49525391643957e-12
286467194,0,348,0,3.49900712872992e-12
28717597,0,2057,0,8.06065523368421e-13
287305318,0,824,0,3.497520654522e-12
287651437,0,193,0,3.49602431350313e-12
287903719,8,622,0.0104355962362104,3.49524938453799e-12
2879304695,6,1098,0.021210660577102,3.49525244383934e-12
288217750,0,310,0,8.04802044504671e-13
288565086,0,252,0,8.0476016522581e-13
288840938,0,466,0,8.04914706954603e-13
289785441,4,489,0.203112025432551,3.4952554368332e-12
289844440,69,8786,0.574012750281462,3.49526129964156e-12
289927627,0,806,0,8.05160362643266e-13
291928027,6,1113,0.0079840670234624,3.49525073473574e-12
2922065008,10,79,0.00660756940901715,3.49521814298572e-12
292346678,7,2829,0.0114029251248449,3.49524954634909e-12
292620974,1,694,0.0169614686626315,3.49525225590848e-12
2929271,7,2634,0.0171965078290873,3.4952482595206e-12
293155290,38,1933,0.0970597253985057,3.49525553262521e-12
293375471,18,1297,0.25005632324136,3.49525548736193e-12
293771058,0,524,0,8.04956602319962e-13
293966324,1,23,0.00199080623451197,8.04594856847788e-13
294048159,56,1609,0.105486630360319,3.49525525873654e-12
295100531,14,2029,0.28922302226797,3.49525734633395e-12
295776552,0,648,0,8.05046186352545e-13
295813014,0,475,0,8.04921207673718e-13
296473376,25,1967,0.293887980505637,3.49525796642339e-12
296972280,0,255,0,8.04762331288516e-13
298175262,13,1923,0.0436093803161338,3.4952546140312e-12
298217417,102,703,0.151971280464408,3.49525384341976e-12
299819199,5,916,0.357544996733743,3.49525688814203e-12
300182471,0,2479,0,3.51162633023749e-12
3002154433,4,1543,0.0194540137845922,3.49525262147147e-12
301053691,2,403,0.0116218800958048,3.49525560439898e-12
301086452,0,887,0,3.49937388150775e-12
3011155065,1,818,0.0241140459854036,3.4952373734803e-12
3018490043,6,534,0.0349834918937141,3.49525297988772e-12
3019665191,0,436,0,3.49707383080194e-12
30427641,0,216,0,8.04734173382801e-13
304288652,4,1291,0.0317446529361716,3.49525632673034e-12
3053236541,4,931,0.39399983808971,3.49525663132005e-12
305884932,0,458,0,8.04908928625762e-13
306366620,4,753,0.225528972907223,3.49525640172938e-12
307500420,1,611,3.84537259312767e-05,3.49960168838409e-12
307558981,9,2441,0.0387074755461873,3.49525516572998e-12
307796858,1,927,0.00141176058699239,3.49524991734799e-12
308023430,0,1892,0,3.50756124716036e-12
309093251,0,572,0,8.04991277644779e-13
309674795,0,685,0,8.05072920934613e-13
309817388,1,276,9.8685643378786e-06,8.04885816042828e-13
309834506,19,3326,0.0536690349394175,3.49525472102598e-12
309963587,2,1132,0.000419562817332678,3.49524411136118e-12
310306220,0,511,0,3.49935612470541e-12
311623037,5,892,0.346476182528643,3.4952558350524e-12
3119671186,7,1411,0.393366795545266,3.49525801393464e-12
312274349,14,2173,0.250760479572807,3.49525543297269e-12
312314782,8,591,0.0183428410473563,3.49524402562416e-12
313538699,0,130,0,8.04672088553431e-13
314110107,0,119,0,8.0466414816161e-13
314657942,1,463,0.000617056783460845,3.49523670406721e-12
314906367,0,323,0,3.49649749284614e-12
315397749,9,296,0.154580068871366,3.49525407968046e-12
316408651,7,2179,0.012706573823975,3.49525025144008e-12
316674262,4,1848,0.017659657037087,3.49525618660346e-12
317963051,2,2259,0.0172522957255993,3.49525248078291e-12
3195039203,1,188,0.00325851064512789,8.04713958665632e-13
319893680,2,148,0.00269854460578934,3.49523992174812e-12
320069526,0,259,0,8.04765219390262e-13
320991472,20,4997,0.228688021022252,3.4952599169755e-12
321332405,5,2419,0.279524616436311,3.49525587630858e-12
323626064,0,414,0,8.04877149300041e-13
3238744313,3,863,0.00189719917602606,3.49524369136222e-12
324056945,0,267,0,8.04770995655943e-13
3244530237,3,1277,0.029004404350033,3.49525313786308e-12
325547923,0,892,0,8.05222522844411e-13
325799830,87,19928,0.635488835762149,3.4952604872822e-12
326404869,0,274,0,8.04776049956433e-13
328938599,0,401,0,8.04867760434037e-13
32965067,7,5808,0.214641929165839,3.49525584051332e-12
329747674,1,1867,0.0241140459843582,3.49525614714315e-12
330245793,0,424,0,8.04884371653715e-13
331021680,0,276,0,8.04777494053949e-13
3317915681,1,1400,0.0012808046078039,3.50435212103149e-12
33180244,4,577,0.00619648693139373,3.49524386407012e-12
332329799,0,502,0,8.04940710461097e-13
3331260777,29,3467,0.324526252010844,3.49525964357482e-12
333671522,5,808,0.00725749561860937,3.4952451890849e-12
334947951,0,80,0,8.04635997126034e-13
3358760710,0,1780,0,8.10795680156648e-13
336619113,0,1133,0,8.05396767111357e-13
337688907,1,714,0.00090749760643229,8.07813568585814e-13
337894475,4,287,0.00601774397598991,3.49525011163132e-12
3386151345,5,335,0.219039102752967,3.49525462092148e-12
3392112681,0,1092,0,3.49861494688231e-12
3400443406,7,2394,0.4167432954756,3.49525686648161e-12
3426970438,7,1370,0.00379960984509044,3.49524622053226e-12
342937051,0,600,0,3.50086423744539e-12
3438975220,2,302,0.000900269719332629,3.49524867599001e-12
343933160,10,701,0.156490378911785,8.05084482384918e-13
345379807,1,518,9.31954544580049e-05,8.0520300617385e-13
347033632,13,4989,0.234650903845738,3.49525953649422e-12
347508613,3,793,0.0216600838629277,3.49525465922116e-12
347541399,0,222,0,8.04738505240041e-13
347887648,0,1107,0,8.05377965345827e-13
348061221,0,523,0,3.49757887160552e-12
348483722,0,326,0,8.04813598176253e-13
350970659,2,640,0.0245971493039293,3.49525457042943e-12
35212055,70,125,0.0904201294220635,3.49524401817195e-12
352609426,1,559,0.000148427913254382,3.50897832166253e-12
353157643,2,1528,0.00269854460441345,3.4952535478221e-12
355599590,0,557,0,8.04980441284862e-13
356223962,0,295,0,8.04791213238831e-13
357505722,0,302,0,8.04796267793275e-13
360138123,1,177,0.000203948959428181,3.49523627075386e-12
362711581,5,978,0.0052073844091078,3.49524200183836e-12
364926596,0,370,0,8.04845372483637e-13
365601773,0,460,0,8.04910373200195e-13
366021458,0,397,0,8.04864871596257e-13
366137621,0,464,0,8.04913262364615e-13
366330219,3,869,0.0223717512211264,3.49525136045477e-12
366504273,9,1938,0.242923265053403,3.49525460778842e-12
368240936,29,1152,0.0619859607350249,3.49525122726742e-12
369119239,0,91,0,8.04643936962275e-13
369766002,0,83,0,8.04638162520378e-13
370198165,0,901,0,8.05229028536513e-13
370703073,3,2087,0.0018888895209744,3.49524223649707e-12
370716799,0,426,0,8.04885816140004e-13
37226226,0,679,0,8.05068585476356e-13
373450689,5,2934,0.0556706537644756,3.49525127145552e-12
373543845,0,642,0,8.05041851182223e-13
373836761,2,167,0.00123548402619294,3.49524287124121e-12
373854031,0,720,0,8.05098212038455e-13
374117949,10,1060,0.229654936554753,3.49525797076037e-12
375282679,0,640,0,8.05040406135825e-13
376398001,1,983,0.00482488786770287,3.49524722827972e-12
377304450,7,861,0.244907582619097,3.49525699769027e-12
378049330,0,733,0,3.49759238733961e-12
379884569,0,362,0,8.04839595150228e-13
3803421753,2,318,0.00586299131323589,3.49524857060821e-12
381514524,4,1802,0.162139084111127,3.4952566432681e-12
381842671,0,589,0,8.05003559205385e-13
382292695,0,88,0,8.04641771536851e-13
382297966,0,792,0,3.49843397475564e-12
382592853,1,2277,0.0194184563172281,3.49525079015104e-12
383466744,3,114,0.00265943010836023,3.49524710440185e-12
38488888,1,423,0.000325757564222465,3.49523680153188e-12
384988741,2,748,0.205153591982668,3.49525433335013e-12
385315901,0,171,0,8.04701685939968e-13
386664361,0,353,0,8.04833095749282e-13
3870010583,21,1745,0.0304070190133157,3.4952505286265e-12
387172258,0,667,0,8.05059914699925e-13
387554172,3,654,0.0198408754644289,3.49525339226563e-12
388143537,0,148,0,8.04685082259899e-13
38900042,92,1116,0.123360626404988,3.49525361954692e-12
391381031,3,175,0.00366453981987504,3.49524543750009e-12
391512389,13,390,0.015176367097469,3.49525121365793e-12
392519677,0,4490,0,3.54480480540983e-12
393440445,2,132,0.199622478370756,3.49525427027478e-12
394511962,18,1851,0.0311436323938954,3.49525334266544e-12
395868680,0,531,0,8.04961658952105e-13
39604163,0,410,0,8.04874260394864e-13
396461846,3,1595,0.207757389842994,3.49525502041105e-12
397089171,12,584,0.0251960460817985,3.49525270205343e-12
397899716,0,1022,0,3.50216597765441e-12
39842001,2,1316,0.00643201182225763,3.49524486664854e-12
398727541,1,447,0.000764837044798153,3.49525213025881e-12
398893820,11,1225,0.206352554143997,3.495254900442e-12
398958962,2,2665,0.222039596654539,3.49525593920074e-12
399523983,1,142,0.000224920164052984,8.06015544210432e-13
400112904,0,737,0,3.50137003157527e-12
400800462,0,2016,0,8.06035825573282e-13
401336255,0,236,0,8.04748613088302e-13
40207877,1,2089,0.00374880599386326,3.49525490449798e-12
402079955,1,312,0.00400150359800883,3.49524650453498e-12
402944529,0,228,0,3.49633178485248e-12
404352921,0,1599,0,8.05733901531724e-13
404989913,0,208,0,8.04728397645692e-13
405470407,0,272,0,3.49628614706347e-12
405842075,0,646,0,8.05044741290583e-13
406220103,11,1124,0.295299762511758,3.49525656113442e-12
40629476,12,2950,0.226717749751212,3.49525693840203e-12
407064010,1,138,2.39424563389805e-05,3.4959609542892e-12
407966868,5,2374,0.259994308238971,3.49525717333152e-12
408516458,1,685,0.00226038990252873,3.49523863286209e-12
409298455,0,509,0,8.0494576689358e-13
409349238,0,349,0,8.04830207160334e-13
410276607,16,1695,0.0656222727444682,3.49525610715751e-12
410821461,0,383,0,8.04854760827331e-13
410934565,1,600,0.197925550670378,3.49525404266355e-12
411617306,1,879,7.86453220078088e-05,8.05450284421044e-13
412269442,0,323,0,3.49797010298947e-12
4127527641,10,461,0.014821935355454,3.49524948709776e-12
413201430,0,648,0,3.49823735039985e-12
413201999,0,744,0,8.05115555428072e-13
413286526,11,1757,0.0416223577271035,3.49525470165013e-12
41335841,9,3880,0.0186464868709314,3.49525027373569e-12
413822334,1,0,0.00164334221506941,8.04578257575862e-13
414070217,0,466,0,3.49917104452499e-12
4144411,1,1641,0.146123501890481,3.49525390785116e-12
414676277,14,952,0.0548238249761825,3.49525424878543e-12
416236227,1,439,6.51257073069517e-05,3.50461898184716e-12
416278090,0,445,0,8.04899539018338e-13
416654500,1,182,8.01264150212618e-06,8.05041850695506e-13
417046876,15,1062,0.0439809962974421,3.49525439377444e-12
417272286,0,1066,0,8.05348318191418e-13
417715386,14,1295,0.238127501998565,3.49525709274936e-12
418134860,1,2556,0.00649407034877899,3.49525068558764e-12
4188236656,1,1151,0.00221075756905107,3.4952491327382e-12
419480919,0,606,0,3.49902289985840e-12
419513536,1,1767,5.93297287382746e-05,8.06791988074416e-13
419767484,0,664,0,3.5028157667218e-12
421369323,21,572,0.0647416596536399,3.49525389474253e-12
421527393,0,1650,0,8.05770815353043e-13
421899963,0,857,0,8.05197223929967e-13
42213713,0,853,0,8.05194332726681e-13
422822617,0,283,0,8.04782548436065e-13
423404340,0,125,0,8.04668479264995e-13
423667871,0,1024,0,8.05317950198812e-13
42424530,8,0,0.0205499338187323,8.04578257575862e-13
424266714,0,512,0,8.0494793395552e-13
42463356,0,639,0,8.05039683614572e-13
425404135,0,380,0,8.04852594267038e-13
426049184,7,496,0.0259967868339738,3.49525326864387e-12
426807906,0,260,0,8.04765941418937e-13
426914950,9,4318,0.028774790701725,3.49525377672825e-12
426929508,0,885,0,8.05217462934342e-13
4272969521,6,211,0.00590369970017292,3.49524413337573e-12
428068123,3,474,0.00500748367577316,3.49524714084442e-12
428178800,0,942,0,3.49869324737863e-12
431493811,2,610,0.00429652739602573,3.49523863127392e-12
431729868,0,486,0,8.04929153139679e-13
433293342,4,3565,0.00566486616301972,3.49525171439942e-12
433537359,3,294,0.0055197010274771,3.49524468156499e-12
433587087,1,310,0.000854562669101851,3.49524413734617e-12
434402784,32,2547,0.267022327631792,3.49525856785795e-12
435767431,2,783,0.146548196916879,3.49523897265722e-12
436143863,1,385,0.000617056783538495,3.49523670234466e-12
436503794,0,168,0,8.0469952020371e-13
439522338,0,617,0,8.05023788475104e-13
439917968,0,626,0,8.05030290956291e-13
440266288,0,561,0,8.04983330952314e-13
441805035,7,4999,0.378693090153456,3.49525627379488e-12
442847392,0,368,0,8.04843928142509e-13
442932348,28,2598,0.0779454389169324,3.49525605853458e-12
44395206,17,2038,0.206703060252334,3.49525609503843e-12
444174984,44,9781,0.112909599337688,3.49525747804354e-12
445460963,2,1172,0.235281958874301,3.49525507946709e-12
445719648,1,308,0.0022599126352139,3.49524722043657e-12
44640535,0,232,0,8.04745725105746e-13
4469284289,5,2386,0.0300105655581528,3.49525308668693e-12
44910987,0,458,0,8.04908928625762e-13
449172826,1,215,0.000603762044706411,3.49524635159352e-12
449653196,11,848,0.238244314058506,3.49525498387057e-12
449776192,1,297,8.88108298763866e-05,8.05630414910433e-13
451615674,1,131,0.197925550670846,3.49525403166843e-12
452376544,2,2741,0.0256823134407261,3.49525233738224e-12
454350363,0,297,0,8.04792657390765e-13
455118082,2,1004,4.07638041393747e-05,8.05303490054893e-13
455199431,0,466,0,8.04914706954603e-13
455305254,0,560,0,8.04982608533506e-13
457778717,1,367,1.72096445505044e-05,8.05314334691306e-13
45818188,46,2947,0.0974318440781094,3.49525567757769e-12
461350407,3,945,0.0036390502056056,3.49524717826434e-12
462324307,2,432,0.00591013225043736,3.49524631402702e-12
463168125,4,979,0.210828107300775,3.49525263753655e-12
46358249,0,521,0,8.04954435211349e-13
46366986,4,1284,0.188771913949432,3.49525203989124e-12
463773375,1,536,1.58606955184189e-05,8.05453177237593e-13
464066873,0,579,0,8.04996334712585e-13
464578148,0,207,0,8.04727675684383e-13
464683841,1,252,0.0241140459859677,8.0476016522581e-13
467551209,0,598,0,8.05010061359776e-13
468701545,0,516,0,3.49828026684953e-12
468764833,2,3027,0.0268852154049074,3.49525382615742e-12
470311651,0,213,0,3.49736536756117e-12
471129655,1,764,6.13207563556602e-05,8.06102466580482e-13
471180001,0,1004,0,8.05303490054893e-13
471435286,0,326,0,8.04813598176253e-13
471775924,1,112,2.34046657039313e-05,8.04659095266589e-13
472031699,40,14669,0.0143032500257306,3.49524800665811e-12
472157806,0,292,0,8.04789047020648e-13
472279211,0,396,0,8.04864149390052e-13
473327009,1,1022,9.95433312280759e-06,3.51039407098943e-12
474012799,2,147,0.000181052723888842,8.04684360376308e-13
474040746,0,713,0,8.05093153690565e-13
475255561,2,1561,0.200288066248707,3.49525420868988e-12
476733057,32,3364,0.275433690979995,3.49525861489276e-12
477052523,1,279,2.15722311973024e-05,8.04779660209939e-13
477353712,0,866,0,8.05203729213275e-13
478218914,6,1658,0.250504240492119,3.49525563685905e-12
479921239,1,380,0.0019008151485608,3.49524486696618e-12
48023856,1,500,0.00167055501230703,8.0493926577777e-13
48135797,2,0,0.0048762476167246,8.04578257575862e-13
481379732,0,94,0,8.04646102399354e-13
482105697,0,255,0,8.04762331288516e-13
4821525983,19,2463,0.352601734575682,3.49525728534757e-12
482223457,9,1404,0.0228226766338034,3.49525300334396e-12
48298430,0,281,0,8.04781104320411e-13
484022167,1,4977,0.000824585570611987,3.49525119962084e-12
4851338417,2,283,0.00222390865683357,3.49524696502093e-12
485591826,23,4328,0.476281970982523,3.49525737644842e-12
485677207,0,287,0,8.04785436682923e-13
486393735,9,1999,0.223982665781028,3.49525526725166e-12
486431538,0,236,0,8.04748613088302e-13
486596335,0,355,0,8.04834540051532e-13
489002566,6,446,0.00293413290739041,3.49524394724162e-12
490493277,2,1213,0.000102582637744218,8.06102467000904e-13
491327393,11,670,0.0302228785885284,3.49525044536917e-12
491353458,0,86,0,8.04640327926377e-13
491482525,0,529,0,8.04960214193581e-13
491571562,1,632,2.71345505695615e-05,8.05327349308172e-13
495433008,1,671,0.00197278831882355,3.49524904483857e-12
497396408,0,460,0,8.04910373200195e-13
49767631,1,829,0.19792555067015,3.49525406355428e-12
498778613,16,10554,0.451895208709589,3.49525823122317e-12
49954027,11,1964,0.0458920283586053,3.49525394513683e-12
503571190,3,838,0.22158803890585,3.49525530871551e-12
504685390,0,199,0,8.04721900040543e-13
512083476,0,0,0,0
514122826,0,134,0,8.04674976007492e-13
514235450,1,333,1.58558741359087e-05,8.05020175850137e-13
514294276,1,445,9.3347109494559e-05,8.05327349186893e-13
514294570,0,161,0,8.04694466864443e-13
515343475,3,1141,0.216530361548232,3.49525615683108e-12
515830365,0,1299,0,8.0551682985065e-13
516291658,1,854,8.28191696133196e-05,8.07650639468426e-13
517857229,3,282,0.0191332405771536,3.49525236551751e-12
518017851,0,81,0,8.04636718922854e-13
520263690,0,1500,0,8.07822299156175e-13
521550536,0,598,0,8.05010061359776e-13
521762393,11,2641,0.24370821900253,3.49525481022088e-12
522523887,7,1270,0.243427902111762,3.49525450366459e-12
522589709,2,1090,0.00616509077250409,3.49525441413985e-12
523334610,1,2793,9.76518701592042e-05,8.07367128576283e-13
524589700,53,1154,0.100165989610661,3.49525454917219e-12
526408330,0,958,0,8.05270233694492e-13
526717086,1,562,3.56492660904191e-05,3.50462952125646e-12
53140494,0,757,0,8.05124950076108e-13
53353990,0,1064,0,8.05346872044597e-13
537928516,0,36,0,8.04604239347937e-13
538090070,2,555,0.0259364077515628,3.49524780335904e-12
538422848,5,703,0.00306261757154944,3.49524523093945e-12
539043859,0,145,0,8.04682916613013e-13
539205424,6,742,0.00735673246130595,3.49524989251129e-12
540155639,0,229,0,8.04743559132432e-13
54036470,1,425,0.000304077210168716,3.49523928042024e-12
540841106,0,195,0,8.04719012249713e-13
54200609,2,440,0.000758230169243246,3.49524645680415e-12
542408644,1,1787,0.0373564082027118,3.49525514591432e-12
545330907,0,387,0,8.04857649592531e-13
545367458,0,107,0,8.04655486094712e-13
546778807,3,2832,0.16935288583792,3.49525756054376e-12
546821268,1,260,2.2544424349493e-05,3.49522577595161e-12
54886012,1,296,0.00600391324993432,3.49524759023772e-12
549192198,0,281,0,8.04781104320411e-13
549342409,0,302,0,8.04796267793275e-13
550043578,0,174,0,8.04703851687884e-13
552073701,10,766,0.0134247108858725,3.49524975514591e-12
552590450,0,999,0,8.05299875100051e-13
552735606,3,570,0.00366098973265275,3.49524246595148e-12
55273629,8,511,0.0178272058853852,3.49525055693277e-12
552887621,0,771,0,3.50271081058608e-12
553038404,0,521,0,8.04954435211349e-13
554243239,0,446,0,8.04900261288054e-13
555078357,0,333,0,8.04818653011883e-13
555887448,0,198,0,8.04721178090893e-13
559732488,1,227,2.03889797801431e-05,8.047421151567e-13
562137743,0,310,0,8.04802044504671e-13
562906441,0,409,0,8.0487353817181e-13
563997934,0,454,0,8.04906039492453e-13
564025760,5,291,0.00918672528627885,3.49524812579594e-12
564946470,0,155,0,3.49605863332277e-12
566577822,0,740,0,8.05112664811245e-13
567153985,1,339,1.32849212550686e-05,8.04914706872322e-13
567563471,0,349,0,8.04830207160334e-13
569313276,0,156,0,8.04690857375252e-13
569493025,9,1287,0.0282517202900624,3.49525397431055e-12
570895985,0,632,0,8.05034626002109e-13
574493747,5,57,0.159113241043497,8.04619396156585e-13
574988345,0,485,0,8.04928430818109e-13
576326938,1,223,3.48101417129086e-05,8.05169757950635e-13
581195003,0,399,0,8.04866316012555e-13
581664629,0,280,0,8.04780382264527e-13
583084524,1,900,0.000169553042023959,8.06984335757395e-13
584735226,8,1575,0.385062770347874,3.4952578439497e-12
584764063,0,404,0,3.49893888680552e-12
585019292,0,574,0,3.50461582503932e-12
585029783,2,1056,0.00390921894688173,3.49525314455789e-12
587015385,0,169,0,8.04700242114501e-13
589951840,0,397,0,3.49675647537833e-12
593727161,0,185,0,8.04711792863313e-13
595318250,18,636,0.0304052202574819,3.49525190140175e-12
595551653,3,876,0.000157595690408351,8.05744033922307e-13
59724813,0,1675,0,8.05788911598898e-13
597360923,0,922,0,8.05244208893574e-13
598617147,1,195,2.20714932285941e-05,8.04912539897933e-13
599601986,7,3122,0.106216017703769,3.49525569144377e-12
60159471,2,896,0.150858586014882,3.49525515534569e-12
602891547,0,395,0,8.05415569259169e-13
60573195,10,1266,0.227876531843549,3.49525473588162e-12
606425018,0,415,0,8.0509459873188e-13
606903482,0,219,0,3.49695841063883e-12
607263100,0,512,0,8.0494793395552e-13
611858799,0,1785,0,8.05868544737941e-13
612604070,5,984,0.000386101216996634,3.49523625460341e-12
614968224,1,772,0.000283644049193702,8.07367126997523e-13
61567059,6,4998,0.0258373254460658,3.49525651229158e-12
616130531,0,210,0,8.04729841572197e-13
621869197,1,553,9.14603430469945e-05,8.04977551638157e-13
62238452,25,1723,0.0902277770677886,3.49525667462867e-12
62349151,2,770,0.198226241585192,3.49525405363424e-12
625749368,0,842,0,8.05186382024702e-13
625972293,9,1616,0.403612455864385,3.49525867300823e-12
627289583,1,747,8.3086752191315e-06,8.05372903253051e-13
627788523,5,355,0.0138183562499914,3.49525158209165e-12
627791387,0,251,0,8.04759443207499e-13
629391036,31,4044,0.313670157077113,3.49525859980497e-12
630366927,0,398,0,8.04865593803758e-13
631358275,2,4245,0.0395764500904231,3.49525299476778e-12
632155362,4,1795,0.266406952602291,3.49525707364225e-12
632756332,0,259,0,8.04765219390262e-13
634204848,3,385,0.0063406461200147,3.49525110535616e-12
634437625,13,11032,0.0331531285850406,3.49524880989796e-12
635447094,1,1041,0.000240410241685642,3.49524633194899e-12
635517540,1,373,0.146123501891745,3.49525309829289e-12
635611864,2,424,3.64048830506096e-05,8.05582661941002e-13
636278979,2,381,7.79026843593007e-05,8.05103992860381e-13
636858312,26,841,0.0695139726334458,3.49525089128154e-12
63690054,0,108,0,8.04656207926497e-13
63765675,11,1371,0.0258625514663471,3.49524886245448e-12
64721604,7,325,0.0170827198288509,3.49524404568403e-12
64794485,5,1417,0.199870637737131,3.49525503046548e-12
6513132,0,389,0,8.04859093982908e-13
66647957,2,2311,0.198150337855075,3.49525534077242e-12
69326657,5,3428,0.0100385879568003,3.49524498937788e-12
700098226846883840,0,483,0,3.49796015116864e-12
700512633,3,956,0.00101083599921454,3.49524910044929e-12
700748574,0,51,0,8.0461506558156e-13
700872427,0,1050,0,3.50316676784508e-12
701199517,1,798,0.000121078846106197,8.06377118384925e-13
702796319,11,8928,0.010402152431847,3.49524907048156e-12
703585653,0,206,0,3.49610056423909e-12
705663958,3,289,0.00205193977489362,3.49521816062642e-12
70650905,0,185,0,8.04711792863313e-13
706595102479745025,6,444,0.0106737350506938,3.49524725632939e-12
706800674,0,314,0,8.04804932891468e-13
710801125,0,832,0,3.50491351267807e-12
711196684,0,949,0,3.50316337904611e-12
712779981,0,558,0,8.05992367978911e-13
71297565,5,653,0.00578703656535226,3.49525261860053e-12
713377330564112388,1,943,0.000290827063587609,8.05259389823012e-13
715299046,0,97,0,8.05153857606867e-13
718199346,2,582,0.344049052562513,3.49525430373661e-12
719333953568686080,9,727,0.0133214249061309,3.49524993684595e-12
720553719855714305,6,849,0.0305667134633711,3.49525260086175e-12
722972360,1,896,0.000818472263590405,3.49524770398794e-12
724341781,0,351,0,8.04831651452216e-13
726059264,3,1567,0.000127494057153985,8.06984336146826e-13
730038321494282241,8,374,0.0163259481092802,3.49524826879312e-12
730218542,19,62,0.0298624918275865,3.49524781503826e-12
730863858,0,205,0,8.0472623176565e-13
73341746,51,1542,0.0821205283266413,3.49525250520428e-12
738964484,1,462,2.89176867615884e-05,8.05372903068193e-13
73927838,0,281,0,8.04781104320411e-13
749341412,2,590,0.000198101422443992,8.06984334677015e-13
749945567996940289,17,3505,0.366085830137431,3.49525820483481e-12
751322413,0,239,0,8.04750779088822e-13
751358784522612736,1,1500,0.00182236176440168,3.49524838812644e-12
752136151222349825,3,1842,0.00407991171775638,3.4952434331006e-12
752189814,0,220,0,8.04737061282446e-13
755265594,0,239,0,8.04750779088822e-13
757402340,0,623,0,8.0502812345089e-13
757521878,0,278,0,8.04778938156647e-13
75804609,15,2833,0.0164093657675557,3.49524921779133e-12
759432463,7,364,0.0119054434681326,3.49525040015488e-12
760368444,0,302,0,8.04796267793275e-13
76080332,2,6166,0.000771845129213462,8.0905296273163e-13
760984117,3,1555,0.0207541335921156,3.49525381216919e-12
76408592,0,451,0,8.04903872656081e-13
765820284691738624,2,898,0.00230177194981522,3.49524180159417e-12
76593802,89,90415,0.638918325416134,3.49526357688861e-12
768796535899512833,1,512,0.00324868225470609,3.4952475249636e-12
772248756,0,310,0,8.04802044504671e-13
773628744,2,404,0.000177038377524747,8.06984334555887e-13
774127928,0,124,0,8.04667757411193e-13
778248358993530880,0,994,0,3.49984035430976e-12
780217201,1,349,0.00600391324988154,3.49524777931646e-12
781096004691038209,0,1305,0,8.05521170138038e-13
784485949,1,426,1.6737228403949e-05,8.04885816140004e-13
785637630,0,229,0,8.04743559132432e-13
786079081163005953,3,279,0.0202886235007624,3.49525226096623e-12
786373561,0,719,0,3.49657979127548e-12
786857571365847040,3,662,0.0270006599880795,3.4952399679639e-12
789082771,0,282,0,8.0478182637759e-13
79124132,8,997,0.0248323600901132,3.49525278837728e-12
791585709446553601,4,753,0.242297116589781,3.49525682027759e-12
792845850783416320,1,216,0.00224925967493938,8.04734173382801e-13
800256516,1,417,0.0194184563190818,3.49525001265103e-12
801009818,1,1628,4.60991519852001e-05,8.0618940811499e-13
801743263724171264,0,175,0,8.04704573606446e-13
802003945,1,307,1.62543887853672e-05,8.04912539970496e-13
802113830,1,574,1.51442895996763e-05,3.50071410774424e-12
803403330,0,232,0,8.04745725105746e-13
804478111,1,48,0.000117247204223842,3.4959504658286e-12
804951360,2,434,0.0250738066925614,3.49524418634748e-12
806750629,3,1271,0.203106724144148,3.49525429340119e-12
80853822,1,982,0.000218909083467908,8.05287584496346e-13
809054911,3,2667,0.225100089659689,3.49525682738778e-12
809116928,1,0,1.70765335602294e-05,8.04578257575862e-13
81571983,1,8088,0.000124037413162458,3.49522979603721e-12
817675694,0,140,0,8.04679307227439e-13
817869656,0,364,0,3.49896363481612e-12
818058961,0,578,0,8.04995612270437e-13
81831996,3,1145,0.0149867129931419,3.49525240126383e-12
822578852404858880,3,2860,0.00314610753217644,3.49524569590861e-12
823332823,0,1294,0,3.50335359888335e-12
823842770,0,800,0,8.05156026243183e-13
82408359,2,2801,0.00693276179960153,3.49525070046768e-12
827118558,0,242,0,8.04752945101001e-13
829345897,0,523,0,8.04955879949128e-13
829411700,4,619,0.00781078246961295,3.49524541197932e-12
830826918,0,98,0,3.49577526928686e-12
83189891,15,4725,0.227316763351583,3.49525698335994e-12
834084575022288897,2,1561,0.00209834911534667,8.0781357059897e-13
834188653,1,257,0.146123501891861,8.04763775336797e-13
83427283,82,6583,0.421356375087436,3.49525983701627e-12
83540551,1,100,0.00122586992881418,8.04650433308477e-13
839490360,0,892,0,8.05222522844411e-13
842406020374790144,3,196,0.0189380399229136,3.49525219359064e-12
842413836,5,1459,0.0455813765253168,3.49525492725789e-12
843035015747395584,10,716,0.229763805683425,3.49525461442214e-12
846301771,0,360,0,8.04838150829835e-13
846363044,0,1707,0,3.505923702573e-12
847087711,14,536,0.0212952541622332,3.49524483834237e-12
847169983,13,0,0.260724680718738,8.04578257575862e-13
847200352529207296,2,989,0.00687273364654219,3.49525411658741e-12
848255026220892160,3,965,0.0178852180791454,3.49525288441348e-12
853342820,1,288,2.53796091443011e-05,8.04786158747876e-13
854999327915356160,4,360,0.0226900030255147,3.49525238158258e-12
855174284,0,101,0,8.04651155131197e-13
855838436615483392,19,431,0.0273539532473529,3.49525048860434e-12
856852070,0,496,0,8.04936376426673e-13
859816812,8,5824,0.0125895932813239,3.49525023624241e-12
860048545453395968,0,69,0,8.04628057446484e-13
862224133006008320,1,1109,0.0241140459851134,3.4952517697781e-12
86298377,0,385,0,8.04856205207339e-13
863125111,1,146,4.4631402347957e-05,8.04914706747279e-13
863178198,1,422,5.93297300786701e-05,8.04882927172611e-13
86360911,0,649,0,8.05046908885471e-13
865006489,19,4856,0.335342410154994,3.49525847202912e-12
86504484,0,666,0,3.4993455427454e-12
865412436,1,527,1.80043967390563e-05,8.05582661678171e-13
868031023,1,205,0.000257318303261447,8.05248545774766e-13
87061526,0,900,0,3.50073749132139e-12
871939380675530752,0,905,0,3.5013682347123e-12
874239445,0,416,0,8.04878593760407e-13
87485942,6,471,0.0153299237552996,3.49525145440183e-12
875241254,0,779,0,8.05140849210724e-13
87575128,0,1092,0,8.05367118572715e-13
878824075,0,792,0,8.05150244449065e-13
87894083,0,676,0,8.05066417764738e-13
879663255685345280,2,238,0.0178426449300446,3.49525233575741e-12
879722828,4,916,0.0358191276122665,3.49525286869047e-12
880457190,0,351,0,8.05870715215932e-13
880484906,0,78,0,8.04634553536279e-13
883375794810171392,0,755,0,3.50121995893785e-12
88385100,0,579,0,8.04996334712585e-13
892791282,0,783,0,8.05143740029937e-13
895077181,1,300,4.30799943129224e-05,8.05020175828751e-13
896014158,1,785,3.93809348089528e-05,8.05453177399133e-13
89751520,0,768,0,8.05594238249439e-13
898229731748978689,1,166,0.00197278831932686,3.49524813355359e-12
900341914817490948,37,1355,0.0492548130665609,3.49525253181245e-12
90046725,2,527,0.00658323269304252,3.49524797292764e-12
901414373050241024,49,4260,0.347324809472947,3.4952581773836e-12
904325034,0,278,0,8.04778938156647e-13
90435593,5,1442,0.210308688161513,3.49525480841279e-12
905660725,5,1231,0.374724111402084,3.49525740788231e-12
905915190,0,205,0,3.49712568015998e-12
906316307771088896,3,725,0.0241374551965035,3.49525195069648e-12
90653296,1,5001,0.00169895994860268,3.49524951673565e-12
908280829,0,223,0,8.04739227220782e-13
90862588,11,3591,0.286950580333369,3.4952572303963e-12
913849901230034944,0,826,0,3.4987115224822e-12
91446925,0,304,0,8.0479771196335e-13
916040289021816832,3,319,0.00311691580233258,3.49524833730471e-12
917320555,1,292,9.86557179461459e-06,8.05176262829046e-13
917329405,0,249,0,8.04757999174764e-13
921390373,53,0,0.10318820996087,8.04578257575862e-13
921733452,1,1401,0.00376072433190117,3.49524840511995e-12
922798422725480449,2,309,0.00276393925637613,3.49524942300859e-12
923999535977959429,3,339,0.00460911463746521,3.49524844076846e-12
924655107043745792,0,407,0,8.05532020367487e-13
924936006230568960,4,165,0.00137038293904497,3.49525237129605e-12
925903474595913729,2,677,0.00225129679943182,3.49524346250626e-12
927576840,9,477,0.0145202160357524,3.49524408381245e-12
928376779,12,3116,0.190750707635775,3.49526010726504e-12
929541596,1,571,0.000135988079778856,3.49524286756398e-12
930100881860767744,35,1303,0.0772191054409738,3.49525513026458e-12
930473056732106752,5,216,0.0141798051769875,3.49525039981281e-12
93075908,1,1113,0.00168819504143324,3.49524550816172e-12
931535710733160448,3,408,0.0258438735160681,3.49525055193611e-12
931575979,11,909,0.0290378239086708,3.49525289077843e-12
933106328,1,370,4.79252515156709e-06,8.05077256231508e-13
935435796,0,75,0,8.0463238816136e-13
936469189,0,874,0,3.49710046516225e-12
938203620599910401,2,1039,0.199188291158691,3.49525469291511e-12
938770404,6,449,0.221320907981007,3.49525489611725e-12
938805471347204103,7,22,0.00419826560594127,8.0459413512607e-13
93936231,2,1188,0.00768190933044743,3.49524832786116e-12
939907569669242880,3,1555,0.00492654914290368,3.4952468950556e-12
939996960,0,391,0,8.04860538378469e-13
9409772,1,431,0.000338334202285596,3.49524214397986e-12
941193151,0,110,0,8.04657651593953e-13
94387415,0,81,0,3.49581614115212e-12
94440356,13,1245,0.244688511239573,3.49525675259641e-12
946079196,2,741,5.90660389336575e-05,8.0765063987807e-13
946426898,1,791,0.00164030450594548,8.05628244938735e-13
94686612,4,1596,0.219233590849257,3.49525536128445e-12
947615879918948353,2,853,0.0334631118894682,3.49525111427441e-12
94819525,12,1603,0.040884699976346,3.4952570663488e-12
948548964,0,676,0,8.05066417764738e-13
959495214313418752,10,744,0.0526845398078714,3.49525489962347e-12
95959944,0,200,0,8.04722621991489e-13
960892699,1,405,0.000362441227500183,3.49524483118336e-12
961976897818148865,7,1090,0.004269573234247,3.49524564679731e-12
962017492871782400,2,212,0.00342810312292735,3.49524720752346e-12
963135228,4,394,0.00215424128804252,3.49524760407931e-12
964882602,0,409,0,8.05371456799998e-13
967757354170232834,10,1263,0.0284645844700663,3.4952529654719e-12
968825124903358464,17,326,0.00717808065293033,3.49524086981333e-12
968899727554162689,0,382,0,8.0485403863927e-13
974527578,5,1229,0.0348823404594295,3.49525575455582e-12
974625877,0,145,0,8.04682916613013e-13
976968104,1,561,0.000141611548849128,8.04983330952314e-13
977002692,0,704,0,8.05086650193818e-13
978300138,18,618,0.0198806410415297,3.49524943250102e-12
978661536,0,822,0,3.50543400863792e-12
984914714,0,972,0,8.05280354904708e-13
985177309,5,307,0.0153040849840284,3.4952494034129e-12
985232029,0,234,0,8.04747169094433e-13
986564599,1,229,0.00011619288662798,3.49523974379964e-12
987047298,1,1195,0.00471655589565633,3.49524747106328e-12
987919560,6,3462,0.0139523384276048,3.49525689759785e-12
991033926,0,203,0,8.047247878521e-13
994137028341190656,7,2153,0.229616197303395,3.49525463163562e-12
995202858,0,287,0,8.04785436682923e-13
995358710,0,529,0,8.04960214193581e-13
996949632,0,227,0,8.047421151567e-13
99735854,3,1789,0.164499001347004,3.49525809303861e-12
997423056,10,2352,0.248899131869487,3.49525574347517e-12
997521854,0,575,0,8.04993444951773e-13
997545717085491200,0,550,0,8.04975384416742e-13
