user_id,favor_done,against_done,none_done,favor_receiv,against_receiv,none_receiv
100044793,0,0,0,0,0,0
1002266713,0,0,0,0,0,0
100481809,0,0,0,0,0,0
100515720,0,0,0,0,0,0
100539810,0,0,0,0,0,0
1006079186,0,0,0,0,0,0
100611628,0,0,0,0,0,0
1007026639,0,0,0,0,0,0
1009116900,0,0,0,0,0,0
1009664899,0,0,0,0,0,0
1010990306,0,0,0,0,0,0
1011614880,0,0,0,0,0,0
1011864553,0,0,0,0,0,0
101211935,0,0,0,0,0,0
1012203103,0,0,0,0,0,0
101524444,0,0,0,0,0,0
102015242,0,0,0,0,0,0
1020559236,0,0,0,0,0,0
102100426,0,0,0,0,0,0
102420396,0,0,0,0,0,0
1024690117,0,0,0,0,0,0
1024980008,0,0,0,0,0,0
1027056698,0,0,0,0,0,0
1028961271,0,0,0,0,0,0
103163709,0,0,0,0,0,0
103596271,0,0,0,0,0,0
1039872500807753728,0,0,0,0,0,0
1042698590,0,0,0,0,0,0
1042775382,0,0,0,0,0,0
104431004,0,0,0,0,0,0
1045755804,0,0,0,0,0,0
1047513810,0,0,0,0,0,0
1053897615295856640,0,0,0,0,0,0
1055125529744101381,0,0,0,0,1,0
105629019,0,0,0,0,0,0
1058869963,0,0,0,0,0,0
105922645,0,0,0,0,0,0
1060498864271228933,0,1,0,0,7,0
1061485039,0,0,0,0,0,0
1061719765,0,0,0,0,0,0
1064192252,0,0,0,0,0,0
106512574,0,0,0,0,0,0
1071331740,0,0,0,0,0,0
1072499624,0,0,0,0,0,0
1075059108741554176,0,0,0,0,0,0
1076555946548178944,0,3,0,0,0,0
1077311989,0,0,0,0,0,0
108042034,0,0,0,0,0,0
108076878,0,0,0,0,0,0
1083044271014465537,0,0,0,0,1,0
1084555597,0,0,0,0,0,0
1086506976,0,0,0,0,0,0
1086656150,0,0,0,0,0,0
1092201601,0,0,0,0,0,0
1098335532814356480,0,0,0,0,0,0
1100144216309665793,0,1,0,0,3,0
1103555528,0,0,0,0,0,0
1109091587500527617,0,0,0,0,0,0
1110352074,0,0,1,0,0,0
111724395,0,0,0,0,0,0
1118521720019746817,0,0,0,0,0,0
1119926028,0,0,0,0,0,0
1123166877818212352,0,0,0,0,0,0
1127945989,0,0,0,0,0,0
1128325658,0,0,0,0,0,0
1129451670,0,0,0,0,0,0
1137487915657912320,0,0,0,0,0,0
1140122838,0,0,0,0,0,0
1141967100774424576,0,0,0,0,0,0
1143089876,0,0,0,0,0,0
1145395669,0,0,0,0,0,0
114657300,0,0,0,0,0,0
1149317273401929728,0,0,0,0,0,0
1151931745,0,0,0,0,0,0
1153260566,0,0,0,0,0,0
1159538480,0,0,0,0,0,0
1162309748,0,0,0,0,0,0
1162361661266759691,0,0,0,0,0,0
116383117,0,0,0,0,0,0
1164566509,0,0,0,0,0,0
1167352727481061378,0,0,0,0,0,0
1168920360,0,0,0,0,0,0
117029929,0,0,0,0,0,0
1172865618,0,0,0,0,0,0
11798532,0,0,0,0,0,0
1180379792,0,0,0,0,0,0
1180868341516378114,0,0,0,0,0,0
118357405,0,0,0,0,0,0
1183693609,0,0,0,0,0,0
1184330655443890182,0,0,0,0,0,0
1186395913352306689,0,1,0,0,0,0
1186946766,0,0,0,0,0,0
1187914729,0,0,0,0,0,0
1188275324229947393,0,7,0,0,1,0
1188547359720067073,0,0,0,0,0,0
1189275465283964929,0,0,0,0,0,0
1190241897870249984,0,0,0,0,0,0
119181575,0,0,0,0,0,0
119194942,0,0,0,0,0,0
1194302059711008768,0,0,0,0,0,0
1195400462012485634,0,0,0,0,0,0
1196146710,0,0,0,0,0,0
119667555,0,0,0,0,0,0
1201683126,0,0,0,0,0,0
1203445090271797248,0,0,0,0,0,0
1206267637761744901,0,3,0,0,1,0
121176154,0,0,0,0,0,0
1212281780,0,0,0,0,0,0
121454999,0,0,0,0,0,0
1214555222099365888,0,0,0,0,0,0
1215412435378634754,0,0,0,0,1,0
121544131,0,0,0,0,0,0
1218590303868870663,0,0,0,0,0,0
1221702677073223681,0,0,0,0,0,0
122319254,0,0,0,0,0,0
1226199451,0,0,0,0,0,0
1229106862412517376,0,0,0,0,0,0
1229119396603453441,0,0,0,0,0,0
123047937,0,0,0,0,0,0
1231532169534767104,0,0,0,0,0,0
1234277173,0,0,0,0,0,0
1236979356,0,0,0,0,0,0
1242164118,0,0,0,0,0,0
1243984313961635840,0,0,0,0,0,0
1244594318,0,0,0,0,0,0
1246111343197016064,0,0,0,0,0,0
1246155817440739331,0,0,0,0,0,0
1248035948853673988,0,0,0,0,0,0
1248513751210512384,0,0,0,0,0,0
1252243937080815620,0,0,0,0,12,0
1253387334470565888,0,1,0,0,9,0
1253970074,0,0,0,0,0,0
1254338155,0,0,0,0,0,0
125463912,0,0,0,0,0,0
1263005269,0,0,0,0,0,0
1264681886045147136,0,0,0,0,0,0
1268778571,0,0,0,0,0,0
126939997,0,0,0,0,0,0
1270201057,0,0,0,0,0,0
1270528657,0,0,0,0,0,0
127636330,0,0,0,0,0,0
1277059098077540352,0,0,0,0,0,0
1278130646,0,0,0,0,0,0
1280657332725321728,0,2,0,0,0,0
1284437933920067584,0,0,0,0,0,0
1288674685,0,0,0,0,0,0
1289843713,0,0,0,0,0,0
129267780,0,0,0,0,0,0
129547986,1,0,0,0,0,0
1300226874451333122,0,1,0,0,0,0
1300421947,0,0,0,0,0,0
1302156415210082305,0,0,0,0,0,0
130383923,0,12,0,0,5,0
1308408110348931072,0,1,0,0,0,0
130866861,0,0,0,0,0,0
1311252912,0,0,0,0,0,0
1315717406086574080,0,0,0,0,0,0
1319624670925258753,0,0,0,0,0,0
1319872104,0,0,0,0,0,0
131991099,0,0,0,0,0,0
132012068,0,0,0,1,0,0
1321622071902937090,0,0,0,0,0,0
1323339757007572994,0,2,0,0,0,0
132666884,0,0,0,0,0,0
1326990180,0,0,0,0,0,0
1330770397827133443,0,0,0,0,0,0
1331021249682808840,0,3,0,0,1,0
1332588066,0,0,0,0,0,0
1334155293337530368,0,0,0,0,0,0
1334534659,0,0,0,0,0,0
1334611321,0,0,0,0,0,0
133693469,0,0,0,0,0,0
1338747702,0,0,0,0,0,0
133936058,0,1,0,0,0,0
134178750,0,0,0,0,0,0
1344879324,0,0,0,0,0,0
1350195234563645442,0,0,0,0,0,0
1352050368151236615,0,0,0,0,1,0
1352119562,0,0,0,0,0,0
135591166,0,0,0,0,0,0
135642125,0,0,0,0,0,0
135793103,0,0,0,0,0,0
1361930761,0,0,0,0,0,0
136394031,0,0,0,0,0,0
1366518552,0,0,0,0,0,0
1372981392,0,0,0,0,0,0
137844148,0,0,0,0,0,0
138125846,0,0,0,0,0,0
1394210544,0,0,0,0,0,0
139460759,0,0,0,0,0,0
139975953,0,0,0,0,0,0
140183463,0,0,0,0,0,0
140404170,0,0,0,0,0,0
140795123,0,39,0,0,0,0
1409664654,0,0,0,0,0,0
1412887704,0,0,0,0,0,0
14159575,0,0,0,0,0,0
141683077,0,0,0,0,0,0
142709143,0,0,0,0,0,0
142805368,0,0,0,0,0,0
1428703766,0,0,0,0,0,0
143470736,0,0,0,0,0,0
143601625,0,0,0,0,0,0
1438240316,0,0,0,0,0,0
1438278217,0,0,0,0,0,0
1446800557,0,0,0,0,0,0
1454998146,0,0,0,0,0,0
1457645600,0,0,0,0,0,0
1462105106,0,0,0,0,0,0
146251287,0,0,0,0,0,0
146791754,0,0,0,0,0,0
148286025,1,0,0,0,0,1
148385313,0,0,0,0,0,0
148500617,0,0,0,0,0,0
14860046,0,0,0,0,0,0
148787563,0,0,0,0,0,0
1490661829,0,0,0,0,0,0
14937151,0,0,0,0,0,0
149605037,0,0,0,0,0,0
1496368206,0,0,0,0,0,0
1500507805,0,0,0,0,0,0
15022080,0,0,0,0,0,0
150344776,0,0,0,0,0,0
150618405,0,0,0,0,0,0
150990323,0,0,0,0,0,0
1510843676,0,0,0,0,0,0
15115726,0,0,0,0,0,0
1519364126,0,0,0,0,0,0
1520651402,0,0,0,0,0,0
1524814164,0,0,0,0,0,0
1527130885,0,0,0,0,0,0
1527877579,0,0,0,0,0,0
1528288849,0,0,0,0,0,0
1534674193,0,0,0,0,0,0
1535881693,0,0,0,0,0,0
153816503,0,0,0,0,0,0
1541801100,0,0,0,0,0,0
154272821,0,0,0,0,0,0
1542851323,0,0,0,0,0,0
1543185306,0,0,0,0,0,0
1543220726,0,0,0,0,0,0
1546370617,0,0,0,0,0,0
155235799,0,0,0,0,0,0
155236974,0,0,0,0,0,0
155948100,0,0,0,0,0,0
1560944155,0,0,0,0,0,0
1564027536,0,0,0,0,0,0
1576354075,0,0,0,0,0,0
1583182562,0,0,0,0,0,0
158772213,0,0,0,0,0,0
159072956,0,0,0,0,0,0
15915380,0,0,0,0,0,0
1591864093,0,0,0,0,0,0
1601801340,0,0,0,0,0,0
1606017025,0,0,0,0,0,0
1606765267,0,0,0,0,0,0
161021621,1,0,0,0,0,0
1612616934,0,0,0,0,0,0
1613713206,0,0,0,0,0,0
1620060326,0,0,0,0,0,0
162405819,0,0,0,0,0,0
16265631,0,0,0,0,0,0
162841104,0,0,0,0,0,0
1631071712,0,0,0,0,0,0
163204065,0,0,0,0,0,0
1637828341,0,0,0,0,0,0
1645009134,0,0,0,0,0,0
1656487266,0,0,0,0,0,0
166217631,0,0,0,0,0,0
166479666,0,0,0,0,0,0
1665225241,0,0,0,0,0,0
1674268189,0,0,0,0,0,0
1680580092,0,0,0,0,0,0
1683181435,0,0,0,0,0,0
168446862,0,0,0,0,0,0
1685036006,0,0,0,0,0,0
168520210,0,0,0,0,0,0
16864693,0,0,0,0,0,0
16872273,0,0,0,0,0,0
168822988,0,0,0,0,0,0
16883794,0,0,0,0,0,0
1689484730,0,0,0,0,0,0
1691959494,0,0,0,0,0,0
169682122,0,1,0,0,0,0
1697360292,1,0,0,1,0,0
169970454,0,0,0,0,0,0
1701413168,0,0,0,0,0,0
1706649516,0,0,0,0,0,0
1707651812,0,0,0,0,0,0
1707735937,0,0,0,0,0,0
1708941223,0,0,0,0,0,0
1723565570,0,0,0,0,0,0
172388258,0,0,0,0,0,0
17363730,0,0,0,0,0,0
17371085,0,0,0,0,0,0
17629793,0,0,0,0,0,0
177120205,0,0,0,0,0,0
17820695,0,0,0,0,0,0
179028690,0,0,0,0,0,0
17919801,0,0,0,0,0,0
179695486,0,0,0,0,0,0
17989551,0,0,0,0,0,0
180571299,0,0,0,0,0,0
18082788,0,0,0,0,0,0
181218060,0,0,0,0,0,0
181252181,0,0,0,0,0,0
181297332,0,0,0,0,0,0
181472023,0,0,0,0,0,0
1816285836,0,0,0,0,0,0
182783134,0,0,0,0,0,0
182971274,0,0,0,0,0,0
183184911,0,0,0,0,0,0
1834768836,0,0,0,0,0,0
183583012,0,0,0,0,0,0
18447733,0,0,0,0,0,0
184554911,0,0,0,0,0,0
18483956,0,0,0,0,0,0
184909162,0,0,0,0,0,0
1852133064,0,0,0,0,0,0
185608669,0,0,0,0,0,0
185732836,0,0,0,0,0,0
185789961,0,0,0,0,0,0
186170312,0,0,0,0,0,0
186436549,0,0,0,0,0,0
186478529,0,0,0,0,0,0
1864914674,0,0,0,0,0,0
187284953,0,0,0,0,0,0
187981835,0,0,0,0,0,0
1880814974,0,0,0,0,0,0
1883499115,0,0,0,0,0,0
188483256,0,0,0,0,0,1
18882085,1,0,1,0,0,0
1890704658,0,0,0,0,0,0
189483812,0,0,0,0,0,0
1898727265,0,0,0,0,0,0
190155538,0,0,0,0,0,0
191125339,0,0,0,0,0,0
19113547,0,0,0,0,0,0
191536547,0,0,0,0,0,0
193375862,0,0,0,0,0,0
19365509,0,0,0,0,0,0
1948528128,0,0,0,0,4,0
194941226,0,0,0,0,0,0
195065263,1,0,0,0,0,0
195907411,0,0,0,0,0,0
196124212,0,0,0,0,0,0
1964181102,0,0,0,0,0,0
1968593088,0,0,0,0,0,0
196946831,0,0,0,0,0,0
1972435772,0,0,0,0,0,0
1975099231,0,0,0,0,0,0
198205905,0,0,0,0,0,0
200177084,0,0,0,0,0,0
201846520,0,0,0,0,0,0
202693425,0,0,0,0,0,0
202712254,0,0,0,0,0,0
204037006,0,0,0,0,0,0
204434260,1,0,0,0,0,0
20526714,0,0,0,0,0,0
205749364,0,0,0,1,0,0
205854723,0,0,0,0,0,0
206646021,0,0,0,0,0,0
206832152,0,0,0,0,0,0
207669006,0,0,0,0,0,0
208190399,0,0,0,0,0,0
208997341,0,0,0,0,0,0
210361370,0,0,0,0,0,0
210472784,0,0,0,0,0,0
210571585,0,0,0,0,0,0
210907690,0,0,0,0,0,0
211674312,0,0,0,0,0,0
212551202,0,0,0,0,0,0
213020479,0,0,0,0,0,0
213426867,0,0,0,0,0,0
21361705,0,0,0,0,0,0
214515740,0,0,0,0,0,0
214733538,0,0,0,0,0,0
2149155871,0,0,0,0,0,0
215212887,0,0,0,0,0,0
2154472079,0,0,0,0,0,0
2155543177,1,0,0,1,1,0
215614178,0,0,0,0,0,0
2156908158,0,0,0,0,0,0
215982068,0,0,0,0,0,0
2163591820,0,0,0,0,0,0
216758395,0,0,0,0,0,0
2168281285,0,0,0,0,0,0
217135519,0,0,0,0,0,0
2172925964,0,0,0,0,0,0
2173986524,0,0,0,0,0,1
217427396,0,0,0,0,0,0
217779492,0,0,0,0,0,0
2179612781,0,0,0,0,0,0
218432733,0,0,0,0,0,0
2194747532,0,0,0,0,0,0
2197204781,0,0,0,0,0,0
220148402,0,0,0,0,0,0
220477794,0,0,0,0,0,0
220736409,0,0,0,0,0,0
220776890,0,0,0,0,0,0
221037110,0,0,0,0,0,0
2213194992,0,0,0,0,0,0
221333461,0,0,0,0,0,0
2214175986,0,0,0,0,0,0
221835704,0,0,0,0,0,0
2218972962,0,0,0,0,0,0
2222387463,0,0,0,0,0,0
2223469662,0,0,0,0,0,0
2225006623,0,0,0,0,0,0
222800006,0,0,0,0,0,0
223181175,0,0,0,0,0,0
223499304,0,0,0,0,0,0
2235392337,0,0,0,0,0,0
2240482024,0,0,0,0,0,0
2241810495,0,0,0,0,0,0
224338096,0,0,0,0,0,0
2244512220,0,0,0,0,0,0
2246920053,0,0,0,0,0,0
224741510,0,0,0,0,0,0
2248094633,0,0,0,0,0,0
2250729871,0,0,0,0,0,0
225175229,0,0,0,0,0,0
225443759,0,0,0,0,0,0
2255401050,0,0,0,0,0,0
2258664970,0,0,0,0,0,0
2260591017,0,0,0,0,0,0
2263146054,0,0,0,0,0,1
226728523,0,0,0,0,0,0
227464142,0,0,0,0,0,0
229060154,0,0,0,0,0,0
22950900,0,0,1,1,0,0
229554511,0,0,0,0,0,0
229772420,0,0,0,0,0,0
2297962925,0,0,0,0,2,0
2312591036,0,0,0,0,0,0
2315098607,0,5,0,0,0,0
2318544869,0,0,0,0,0,0
2328915407,0,0,0,0,0,0
2330309927,0,0,0,0,0,0
233470337,0,0,0,0,0,0
233634604,0,0,0,0,0,0
233655225,0,0,0,0,0,0
2340489102,0,0,0,0,0,0
2354506006,0,0,0,0,0,0
2359043272,0,0,0,0,0,0
2359887632,0,0,0,0,0,0
236918656,0,0,0,0,0,0
237319178,0,0,0,0,0,0
237839609,2,0,0,3,0,0
238104061,0,0,0,0,0,0
238543795,0,0,0,0,0,0
238698933,0,0,0,0,0,0
238711545,0,0,0,0,0,0
2392706936,0,0,0,0,0,0
2393197506,0,0,0,0,0,0
239424561,0,0,0,0,0,0
240149663,0,0,0,0,0,0
240304353,0,0,0,0,0,0
240805460,0,0,1,0,0,0
241062482,0,0,0,0,0,0
241239833,0,0,0,0,0,0
2412554661,0,0,0,0,0,0
241265297,0,0,0,0,0,0
2422175545,0,0,0,0,0,0
242511903,0,0,0,0,0,0
242522290,0,0,0,0,0,0
242725020,0,0,0,0,0,0
242835524,0,0,0,0,0,0
2432250319,0,0,0,0,0,0
2435227451,0,0,0,0,10,1
243646592,0,0,0,0,0,0
243807141,0,0,0,0,0,0
244982488,0,0,0,0,0,0
245113308,0,0,0,0,0,0
245126167,0,0,0,0,0,0
2451869025,0,0,0,0,0,0
2452950231,0,0,0,0,0,0
245302776,0,0,0,0,0,0
245376097,0,0,0,0,0,0
2457569157,0,0,0,0,0,0
245780158,0,0,0,0,0,0
2459908436,0,0,0,0,0,0
246369119,0,0,0,0,0,0
246739853,0,0,0,0,0,0
246882293,0,0,0,0,0,0
247292021,0,0,0,0,0,0
247659262,0,0,0,0,0,0
248200972,0,0,0,0,0,0
248213654,0,0,0,0,0,0
248267147,0,0,0,0,0,0
2484572847,0,0,0,0,0,0
2485130517,0,0,0,0,0,0
248641111,0,0,0,0,0,0
2486604652,0,0,0,0,0,0
249247178,0,0,0,0,0,0
249303934,0,0,0,0,0,0
2496993323,0,0,0,0,0,0
2504581204,0,0,0,0,0,0
250629260,0,0,0,0,0,0
250655439,0,0,0,0,0,0
250800885,0,0,0,0,0,0
250902224,0,0,0,0,0,0
2510651177,0,0,0,0,0,0
251718832,0,0,0,0,0,0
252484774,0,0,0,0,0,0
252703624,0,0,0,0,0,0
253150708,0,0,1,0,0,0
253311701,0,0,0,0,0,0
253585444,0,0,0,0,0,0
254049945,0,0,0,0,0,0
254253084,0,0,0,0,0,0
255099505,0,0,0,0,0,0
255110080,0,0,0,0,0,0
255137188,0,0,0,0,0,0
255578406,0,0,0,0,0,0
2559276083,0,0,0,0,0,0
257578433,0,0,0,0,0,0
257705859,0,0,0,0,0,0
2583590870,0,0,0,0,0,0
2589003921,0,0,0,0,0,0
259797406,0,0,0,0,0,0
259848178,0,0,0,0,0,0
260115329,0,0,0,0,0,0
2604496847,0,0,0,0,0,0
260471164,0,0,0,0,0,0
260926245,0,0,0,0,0,0
261121099,1,0,0,0,0,0
261225455,1,0,0,1,0,0
2622233883,0,0,0,0,0,0
262679454,0,0,0,0,0,0
262740121,0,0,0,0,0,0
262850062,0,0,0,0,0,0
263404798,0,0,0,0,0,0
263689257,0,0,0,0,0,0
263906729,1,0,0,1,0,2
264120630,0,0,0,0,0,0
264463869,0,0,0,0,0,0
264907196,0,0,0,0,0,0
264979205,0,0,0,0,0,1
265347028,0,0,0,0,0,0
266002870,0,0,0,0,0,0
266111879,0,0,0,0,0,0
266486016,0,0,0,0,0,0
266604783,0,0,0,0,0,0
266659349,0,0,0,0,0,0
266869933,0,0,0,0,0,0
267178045,0,0,0,0,0,0
267755229,0,0,0,0,0,0
267822866,0,0,0,1,0,0
2680565180,0,0,0,0,0,0
2688374084,0,0,0,0,0,0
268989775,0,0,0,0,0,0
268991406,0,0,0,0,0,0
269379415,0,0,0,0,0,0
2696591883,0,0,0,0,0,0
269705594,0,0,0,0,0,0
269860000,0,1,0,0,0,0
270000707,0,0,0,0,0,0
270033444,0,0,0,0,0,0
270228894,0,0,0,0,0,0
270275936,0,0,0,0,0,0
271031808,0,0,0,0,0,0
271606503,0,0,0,0,0,0
271928157,0,0,0,0,0,0
271959891,0,0,0,0,0,0
272159341,0,0,0,0,0,0
2729000494,0,0,0,0,0,0
2729164919,0,0,0,0,0,0
2731539329,0,0,0,0,0,0
2732371425,0,0,0,0,0,0
273619782,0,0,0,0,0,0
273905105,0,0,0,0,0,0
273905774,0,0,0,0,0,0
274066524,0,0,0,0,0,0
274180153,0,0,0,0,0,0
274642725,0,0,0,0,0,0
275802423,0,0,0,0,0,0
2763182900,0,0,0,0,0,0
276409755,0,0,0,0,0,0
277462026,0,0,0,0,0,0
277566049,0,0,0,0,0,0
278505896,0,0,0,2,0,0
278600099,0,0,0,0,0,0
278620151,0,0,0,0,0,0
2787299937,0,0,0,0,0,0
279964815,0,0,0,0,0,0
280577347,0,0,0,0,0,0
280702564,0,0,0,0,0,0
2807061,0,0,0,0,0,0
281106904,0,0,0,0,0,0
281583744,0,0,0,0,0,0
2818815209,0,0,0,0,0,0
282110881,0,0,0,0,0,0
282159522,0,0,0,0,0,0
282168528,0,0,0,0,0,0
282230500,0,0,0,0,0,0
2826699668,0,0,0,0,0,0
282814299,0,0,0,0,0,0
2829847233,0,0,0,0,0,0
2830256525,0,0,0,0,0,0
283785561,0,0,0,0,0,0
284087730,0,0,0,0,0,0
2841107987,0,0,0,0,0,0
2843585524,0,0,8,2,0,0
2851950957,0,0,0,0,0,0
285350513,0,0,0,0,0,0
285739107,0,0,0,0,0,0
286210085,0,0,0,0,0,0
2864544752,0,0,0,0,0,0
286467194,0,0,0,0,0,0
28717597,0,0,0,0,0,0
287305318,0,0,0,0,0,0
287651437,0,0,0,0,0,0
287903719,0,0,0,0,0,0
2879304695,0,0,0,0,0,0
288217750,0,0,0,0,0,0
288565086,0,0,0,0,0,0
288840938,0,0,0,0,0,0
289785441,0,0,0,0,0,0
289844440,0,0,0,0,0,0
289927627,0,0,0,0,0,0
291928027,0,0,0,0,0,1
2922065008,0,10,0,0,19,0
292346678,0,0,0,0,0,0
292620974,0,0,0,1,0,0
2929271,0,0,0,0,0,0
293155290,0,0,0,0,0,0
293375471,0,0,0,0,0,0
293771058,0,0,0,0,0,0
293966324,0,0,0,0,0,0
294048159,0,0,0,0,0,0
295100531,0,0,0,1,0,0
295776552,0,0,0,0,0,0
295813014,0,0,0,0,0,0
296473376,0,0,0,0,0,0
296972280,0,0,0,0,0,0
298175262,0,0,0,0,0,0
298217417,1,0,0,1,0,0
299819199,0,0,0,0,0,0
300182471,0,0,0,0,0,0
3002154433,0,0,0,0,0,0
301053691,0,0,0,0,0,0
301086452,0,0,0,0,0,0
3011155065,0,0,0,0,0,0
3018490043,0,0,0,0,0,0
3019665191,0,0,0,0,0,0
30427641,0,0,0,0,0,0
304288652,0,0,0,0,0,0
3053236541,0,0,0,0,0,0
305884932,0,0,0,0,0,0
306366620,0,0,0,0,0,0
307500420,0,0,0,0,0,0
307558981,0,0,0,0,0,0
307796858,0,0,0,0,0,0
308023430,0,0,0,0,0,0
309093251,0,0,0,0,0,0
309674795,0,0,0,0,0,0
309817388,0,0,0,0,0,0
309834506,0,0,0,0,0,1
309963587,0,0,0,0,0,0
310306220,0,0,0,0,0,0
311623037,0,0,0,0,0,0
3119671186,0,0,0,0,0,0
312274349,0,0,0,0,0,0
312314782,0,0,0,0,0,0
313538699,0,0,0,0,0,0
314110107,0,0,0,0,0,0
314657942,0,0,0,0,0,0
314906367,0,0,0,0,0,0
315397749,0,0,0,0,0,0
316408651,0,0,0,0,0,0
316674262,0,0,0,0,0,0
317963051,0,0,0,0,0,0
3195039203,0,0,0,0,0,0
319893680,0,1,0,0,1,0
320069526,0,0,0,0,0,0
320991472,0,0,0,0,0,0
321332405,0,0,0,0,0,0
323626064,0,0,0,0,0,0
3238744313,0,0,0,0,0,0
324056945,0,0,0,0,0,0
3244530237,0,0,0,0,0,0
325547923,0,0,0,0,0,0
325799830,0,0,0,0,0,0
326404869,0,0,0,0,0,0
328938599,0,0,0,0,0,0
32965067,1,0,0,0,0,0
329747674,0,0,0,0,0,0
330245793,0,0,0,0,0,0
331021680,0,0,0,0,0,0
3317915681,0,0,0,0,0,0
33180244,0,0,0,0,0,0
332329799,0,0,0,0,0,0
3331260777,1,0,0,0,0,0
333671522,0,0,0,0,0,0
334947951,0,0,0,0,0,0
3358760710,0,0,0,0,0,0
336619113,0,0,0,0,0,0
337688907,0,0,0,0,0,0
337894475,0,0,0,0,0,0
3386151345,0,0,0,0,0,0
3392112681,0,0,0,0,0,0
3400443406,1,0,0,0,0,0
3426970438,0,0,0,0,0,0
342937051,0,0,0,0,0,0
3438975220,0,0,0,0,0,0
343933160,0,0,0,0,0,0
345379807,0,0,0,0,0,0
347033632,0,0,0,0,0,0
347508613,0,0,0,0,0,0
347541399,0,0,0,0,0,0
347887648,0,0,0,0,0,0
348061221,0,0,0,0,0,0
348483722,0,0,0,0,0,0
350970659,0,0,0,0,0,0
35212055,0,0,0,0,0,0
352609426,0,0,0,0,0,0
353157643,0,0,0,0,0,0
355599590,0,0,0,0,0,0
356223962,0,0,0,0,0,0
357505722,0,0,0,0,0,0
360138123,0,0,0,0,0,0
362711581,0,0,0,0,0,0
364926596,0,0,0,0,0,0
365601773,0,0,0,0,0,0
366021458,0,0,0,0,0,0
366137621,0,0,0,0,0,0
366330219,0,0,0,0,0,0
366504273,0,0,0,0,0,0
368240936,0,0,0,0,0,0
369119239,0,0,0,0,0,0
369766002,0,0,0,0,0,0
370198165,0,0,0,0,0,0
370703073,0,0,0,0,0,0
370716799,0,0,0,0,0,0
37226226,0,0,0,0,0,0
373450689,0,0,0,1,0,0
373543845,0,0,0,0,0,0
373836761,0,0,0,0,0,0
373854031,0,0,0,0,0,0
374117949,0,0,0,0,0,0
375282679,0,0,0,0,0,0
376398001,0,0,0,0,0,0
377304450,0,0,0,0,0,0
378049330,0,0,0,0,0,0
379884569,0,0,0,0,0,0
3803421753,0,0,0,0,0,0
381514524,0,0,0,0,0,0
381842671,0,0,0,0,0,0
382292695,0,0,0,0,0,0
382297966,0,0,0,0,0,0
382592853,0,0,0,0,0,0
383466744,0,0,0,0,0,0
38488888,0,0,0,0,0,0
384988741,0,0,0,0,0,0
385315901,0,0,0,0,0,0
386664361,0,0,0,0,0,0
3870010583,0,0,0,0,0,0
387172258,0,0,0,0,0,0
387554172,0,0,0,0,0,0
388143537,0,0,0,0,0,0
38900042,0,0,3,1,0,3
391381031,1,0,0,0,0,0
391512389,0,0,1,0,0,0
392519677,0,0,0,0,0,0
393440445,0,0,0,0,0,0
394511962,0,0,0,0,0,0
395868680,0,0,0,0,0,0
39604163,0,0,0,0,0,0
396461846,0,0,0,0,0,0
397089171,0,0,0,0,0,0
397899716,0,0,0,0,0,0
39842001,0,0,0,0,0,0
398727541,0,0,0,0,0,0
398893820,0,0,0,0,0,0
398958962,0,0,0,0,0,0
399523983,0,0,0,0,0,0
400112904,0,0,0,0,0,0
400800462,0,0,0,0,0,0
401336255,0,0,0,0,0,0
40207877,0,0,0,0,0,0
402079955,0,0,0,0,0,0
402944529,0,0,0,0,0,0
404352921,0,0,0,0,0,0
404989913,0,0,0,0,0,0
405470407,0,0,0,0,0,0
405842075,0,0,0,0,0,0
406220103,1,0,0,0,0,0
40629476,0,0,0,0,0,0
407064010,0,0,0,0,0,0
407966868,0,0,0,0,0,0
408516458,0,0,0,0,0,0
409298455,0,0,0,0,0,0
409349238,0,0,0,0,0,0
410276607,0,0,0,0,0,0
410821461,0,0,0,0,0,0
410934565,0,0,0,0,0,0
411617306,0,0,0,0,0,0
412269442,0,0,0,0,0,0
4127527641,0,0,0,0,0,0
413201430,0,0,0,0,0,0
413201999,0,0,0,0,0,0
413286526,0,0,0,0,0,0
41335841,0,0,0,0,0,0
413822334,0,0,0,0,0,0
414070217,0,0,0,0,0,0
4144411,0,0,0,0,0,0
414676277,0,0,1,0,0,1
416236227,0,0,0,0,0,0
416278090,0,0,0,0,0,0
416654500,0,0,0,0,0,0
417046876,0,0,0,0,0,0
417272286,0,0,0,0,0,0
417715386,0,0,1,0,0,0
418134860,0,0,0,0,0,0
4188236656,0,0,0,0,0,0
419480919,0,0,0,0,0,0
419513536,0,0,0,0,0,0
419767484,0,0,0,0,0,0
421369323,0,0,1,0,0,0
421527393,0,0,0,0,0,0
421899963,0,0,0,0,0,0
42213713,0,0,0,0,0,0
422822617,0,0,0,0,0,0
423404340,0,0,0,0,1,0
423667871,0,0,0,0,0,0
42424530,0,0,0,0,0,0
424266714,0,0,0,0,0,0
42463356,0,0,0,0,0,0
425404135,0,0,0,0,0,0
426049184,0,0,0,0,0,0
426807906,0,0,0,0,0,0
426914950,0,0,0,0,0,0
426929508,0,0,0,0,0,0
4272969521,0,0,0,0,0,0
428068123,0,0,0,0,0,0
428178800,0,0,0,0,0,0
431493811,0,0,0,0,0,0
431729868,0,0,0,0,0,0
433293342,0,0,0,0,0,0
433537359,0,0,0,0,0,0
433587087,0,0,0,0,0,0
434402784,0,0,0,0,0,0
435767431,0,0,0,0,0,0
436143863,0,0,0,0,0,0
436503794,0,0,0,0,0,0
439522338,0,0,0,0,0,0
439917968,0,0,0,0,0,0
440266288,0,0,0,0,0,0
441805035,0,0,0,0,0,0
442847392,0,0,0,0,0,0
442932348,0,0,1,0,0,0
44395206,0,0,0,0,0,0
444174984,0,0,0,0,0,0
445460963,0,0,0,0,0,0
445719648,0,0,0,0,0,0
44640535,0,0,0,0,0,0
4469284289,0,2,0,0,0,0
44910987,0,0,0,0,0,0
449172826,0,0,0,0,0,0
449653196,0,0,0,0,0,0
449776192,0,0,0,0,0,0
451615674,0,0,0,0,0,0
452376544,0,0,0,0,0,0
454350363,0,0,0,0,0,0
455118082,0,0,0,0,0,0
455199431,0,0,0,0,0,0
455305254,0,0,0,0,0,0
457778717,0,0,0,0,0,0
45818188,0,0,1,0,0,0
461350407,0,0,0,0,0,0
462324307,0,0,0,0,0,0
463168125,0,0,0,0,0,0
46358249,0,0,0,0,0,0
46366986,0,0,0,0,0,0
463773375,0,0,0,0,0,0
464066873,0,0,0,0,0,0
464578148,0,0,0,0,0,0
464683841,0,0,0,0,0,0
467551209,0,0,0,0,0,0
468701545,0,0,0,0,0,0
468764833,0,0,0,0,0,0
470311651,0,0,0,0,0,0
471129655,0,0,0,0,0,0
471180001,0,0,0,0,0,0
471435286,0,0,0,0,0,0
471775924,0,0,0,0,0,0
472031699,0,0,0,0,8,0
472157806,0,0,0,0,0,0
472279211,0,0,0,0,0,0
473327009,0,0,0,0,0,0
474012799,0,0,0,0,0,0
474040746,0,0,0,0,0,0
475255561,0,0,0,0,0,0
476733057,0,0,0,1,0,0
477052523,0,0,0,0,0,0
477353712,0,0,0,0,0,0
478218914,0,0,0,0,0,0
479921239,0,0,0,0,0,0
48023856,0,0,0,0,0,0
48135797,0,0,0,0,0,0
481379732,0,0,0,0,0,0
482105697,0,0,0,0,0,0
4821525983,0,0,0,0,0,0
482223457,0,0,0,0,0,0
48298430,0,0,0,0,0,0
484022167,0,0,0,0,0,0
4851338417,0,0,0,0,0,0
485591826,0,0,0,0,0,0
485677207,0,0,0,0,0,0
486393735,0,0,0,0,0,0
486431538,0,0,0,0,0,0
486596335,0,0,0,0,0,0
489002566,0,0,0,0,0,0
490493277,0,0,0,0,0,0
491327393,0,0,0,0,0,0
491353458,0,0,0,0,0,0
491482525,0,0,0,0,0,0
491571562,0,0,0,0,0,0
495433008,0,0,0,0,0,0
497396408,0,0,0,0,0,0
49767631,0,0,0,0,0,0
498778613,0,0,0,0,0,0
49954027,0,0,0,0,0,0
503571190,0,0,0,0,0,0
504685390,0,0,0,0,0,0
512083476,0,0,0,0,0,0
514122826,0,0,0,0,0,0
514235450,0,0,0,0,0,0
514294276,0,0,0,0,0,0
514294570,0,0,0,0,0,0
515343475,0,0,0,0,0,0
515830365,0,0,0,0,0,0
516291658,0,0,0,0,0,0
517857229,0,0,0,0,0,0
518017851,0,0,0,0,0,0
520263690,0,0,0,0,0,0
521550536,0,0,0,0,0,0
521762393,0,0,0,0,0,0
522523887,0,0,0,0,0,0
522589709,0,0,0,0,0,0
523334610,0,0,0,0,0,0
524589700,2,0,0,0,0,0
526408330,0,0,0,0,0,0
526717086,0,0,0,0,0,0
53140494,0,0,0,0,0,0
53353990,0,0,0,0,0,0
537928516,0,0,0,0,0,0
538090070,0,0,0,0,0,0
538422848,0,0,0,0,0,0
539043859,0,0,0,0,0,0
539205424,0,0,0,0,0,0
540155639,0,0,0,0,0,0
54036470,0,0,0,0,0,0
540841106,0,0,0,0,0,0
54200609,0,0,0,0,0,0
542408644,0,0,0,0,0,0
545330907,0,0,0,0,0,0
545367458,0,0,0,0,0,0
546778807,0,0,0,0,0,0
546821268,0,0,0,0,0,0
54886012,0,0,0,0,0,0
549192198,0,0,0,0,0,0
549342409,0,0,0,0,0,0
550043578,0,0,0,0,0,0
552073701,0,0,0,0,0,0
552590450,0,0,0,0,0,0
552735606,0,0,0,0,0,0
55273629,0,0,0,0,0,0
552887621,0,0,0,0,0,0
553038404,0,0,0,0,0,0
554243239,0,0,0,0,0,0
555078357,0,0,0,0,0,0
555887448,0,0,0,0,0,0
559732488,0,0,0,0,0,0
562137743,0,0,0,0,0,0
562906441,0,0,0,0,0,0
563997934,0,0,0,0,0,0
564025760,0,0,0,0,0,0
564946470,0,0,0,0,0,0
566577822,0,0,0,0,0,0
567153985,0,0,0,0,0,0
567563471,0,0,0,0,0,0
569313276,0,0,0,0,0,0
569493025,0,0,0,0,0,0
570895985,0,0,0,0,0,0
574493747,0,0,0,0,0,0
574988345,0,0,0,0,0,0
576326938,0,0,0,0,0,0
581195003,0,0,0,0,0,0
581664629,0,0,0,0,0,0
583084524,0,0,0,0,0,0
584735226,0,0,0,0,0,0
584764063,0,0,0,0,0,0
585019292,0,0,0,0,0,0
585029783,0,0,0,0,0,0
587015385,0,0,0,0,0,0
589951840,0,0,0,0,0,0
593727161,0,0,0,0,0,0
595318250,0,0,0,0,0,0
595551653,0,0,0,0,0,0
59724813,0,0,0,0,0,0
597360923,0,0,0,0,0,0
598617147,0,0,0,0,0,0
599601986,0,0,0,0,0,0
60159471,0,0,0,0,0,0
602891547,0,0,0,0,0,0
60573195,0,0,0,0,0,0
606425018,0,0,0,0,0,0
606903482,0,0,0,0,0,0
607263100,0,0,0,0,0,0
611858799,0,0,0,0,0,0
612604070,0,0,0,0,0,0
614968224,0,0,0,0,0,0
61567059,0,0,0,0,0,0
616130531,0,0,0,0,0,0
621869197,0,0,0,0,0,0
62238452,0,0,1,0,0,0
62349151,0,0,0,0,0,0
625749368,0,0,0,0,0,0
625972293,0,0,0,0,0,0
627289583,0,0,0,0,0,0
627788523,0,0,0,0,0,0
627791387,0,0,0,0,0,0
629391036,1,0,0,0,0,0
630366927,0,0,0,0,0,0
631358275,0,0,0,0,0,0
632155362,0,0,0,0,0,0
632756332,0,0,0,0,0,0
634204848,0,0,0,0,0,0
634437625,0,0,0,0,0,0
635447094,0,0,0,0,0,0
635517540,0,0,0,0,0,0
635611864,0,0,0,0,0,0
636278979,0,0,0,0,0,0
636858312,0,0,0,0,0,0
63690054,0,0,0,0,0,0
63765675,0,0,0,0,0,0
64721604,0,0,0,0,0,0
64794485,0,0,0,0,0,0
6513132,0,0,0,0,0,0
66647957,0,0,0,0,0,0
69326657,0,0,0,0,0,0
700098226846883840,0,0,0,0,0,0
700512633,0,0,0,0,0,0
700748574,0,0,0,0,0,0
700872427,0,0,0,0,0,0
701199517,0,0,0,0,0,0
702796319,0,0,0,0,0,0
703585653,0,0,0,0,0,0
705663958,0,0,0,0,0,0
70650905,0,0,0,0,0,0
706595102479745025,0,0,0,0,0,0
706800674,0,0,0,0,0,0
710801125,0,0,0,0,0,0
711196684,0,0,0,0,0,0
712779981,0,0,0,0,0,0
71297565,0,0,0,0,0,0
713377330564112388,0,0,0,0,0,0
715299046,0,0,0,0,0,0
718199346,0,0,0,0,0,0
719333953568686080,0,0,0,0,0,0
720553719855714305,0,0,0,0,0,0
722972360,0,0,0,0,0,0
724341781,0,0,0,0,0,0
726059264,0,0,0,0,0,0
730038321494282241,0,0,0,0,0,0
730218542,0,0,0,0,0,0
730863858,0,0,0,0,0,0
73341746,0,0,0,0,0,0
738964484,0,0,0,0,0,0
73927838,0,0,0,0,0,0
749341412,0,0,0,0,0,0
749945567996940289,1,0,0,1,0,0
751322413,0,0,0,0,0,0
751358784522612736,0,0,0,0,0,0
752136151222349825,0,0,0,0,0,0
752189814,0,0,0,0,0,0
755265594,0,0,0,0,0,0
757402340,0,0,0,0,0,0
757521878,0,0,0,0,0,0
75804609,0,0,0,0,0,0
759432463,0,0,0,0,0,0
760368444,0,0,0,0,0,0
76080332,0,0,0,0,0,0
760984117,0,0,0,0,0,0
76408592,0,0,0,0,0,0
765820284691738624,0,0,0,0,0,0
76593802,0,0,0,0,0,0
768796535899512833,0,0,0,0,0,0
772248756,0,0,0,0,0,0
773628744,0,0,0,0,0,0
774127928,0,0,0,0,0,0
778248358993530880,0,0,0,0,0,0
780217201,0,0,0,0,0,0
781096004691038209,0,0,0,0,0,0
784485949,0,0,0,0,0,0
785637630,0,0,0,0,0,0
786079081163005953,0,0,0,0,0,0
786373561,0,0,0,0,0,0
786857571365847040,0,0,0,0,0,0
789082771,0,0,0,0,0,0
79124132,0,1,0,0,6,0
791585709446553601,0,0,0,0,0,0
792845850783416320,0,0,0,0,0,0
800256516,0,0,0,0,0,0
801009818,0,0,0,0,0,0
801743263724171264,0,0,0,0,0,0
802003945,0,0,0,0,0,0
802113830,0,0,0,0,0,0
803403330,0,0,0,0,0,0
804478111,0,0,0,0,0,0
804951360,0,0,0,0,0,0
806750629,0,0,0,0,0,0
80853822,0,0,0,0,0,0
809054911,0,0,0,0,0,0
809116928,0,0,0,0,0,0
81571983,0,0,0,0,0,0
817675694,0,0,0,0,0,0
817869656,0,0,0,0,0,0
818058961,0,0,0,0,0,0
81831996,0,0,0,0,0,0
822578852404858880,0,0,0,0,0,0
823332823,0,0,0,0,0,0
823842770,0,0,0,0,0,0
82408359,0,0,0,0,0,0
827118558,0,0,0,0,0,0
829345897,0,0,0,0,0,0
829411700,0,0,0,0,0,0
830826918,0,0,0,0,0,0
83189891,0,0,0,0,0,0
834084575022288897,0,0,0,0,0,0
834188653,0,0,0,0,0,0
83427283,0,0,0,1,0,0
83540551,0,0,0,0,0,0
839490360,0,0,0,0,0,0
842406020374790144,0,0,0,0,0,0
842413836,0,0,0,0,0,0
843035015747395584,1,0,0,0,0,0
846301771,0,0,0,0,0,0
846363044,0,0,0,0,0,0
847087711,0,0,0,0,0,0
847169983,0,0,0,0,0,0
847200352529207296,0,0,0,0,0,0
848255026220892160,1,0,0,0,0,0
853342820,0,0,0,0,0,0
854999327915356160,0,0,0,0,0,0
855174284,0,0,0,0,0,0
855838436615483392,0,0,0,0,0,0
856852070,0,0,0,0,0,0
859816812,0,0,0,0,0,0
860048545453395968,0,0,0,0,0,0
862224133006008320,0,0,0,0,0,0
86298377,0,0,0,0,0,0
863125111,0,0,0,0,0,0
863178198,0,0,0,0,0,0
86360911,0,0,0,0,0,0
865006489,0,0,0,0,0,0
86504484,0,0,0,0,0,0
865412436,0,0,0,0,0,0
868031023,0,0,0,0,0,0
87061526,0,0,0,0,0,0
871939380675530752,0,0,0,0,0,0
874239445,0,0,0,0,0,0
87485942,0,0,0,0,0,0
875241254,0,0,0,0,0,0
87575128,0,0,0,0,0,0
878824075,0,0,0,0,0,0
87894083,0,0,0,0,0,0
879663255685345280,0,0,0,0,0,0
879722828,0,0,0,0,0,0
880457190,0,0,0,0,0,0
880484906,0,0,0,0,0,0
883375794810171392,0,0,0,0,0,0
88385100,0,0,0,0,0,0
892791282,0,0,0,0,0,0
895077181,0,0,0,0,0,0
896014158,0,0,0,0,0,0
89751520,0,0,0,0,0,0
898229731748978689,0,0,0,0,0,0
900341914817490948,0,0,0,0,0,0
90046725,0,0,0,0,0,0
901414373050241024,0,0,0,1,0,0
904325034,0,0,0,0,0,0
90435593,0,0,0,0,0,0
905660725,0,0,0,0,0,0
905915190,0,0,0,0,0,0
906316307771088896,0,0,0,0,0,0
90653296,0,0,0,0,0,0
908280829,0,0,0,0,0,0
90862588,0,0,0,0,0,0
913849901230034944,0,0,0,0,0,0
91446925,0,0,0,0,0,0
916040289021816832,0,0,0,0,0,0
917320555,0,0,0,0,0,0
917329405,0,0,0,0,0,0
921390373,0,0,0,0,0,0
921733452,0,0,0,0,0,0
922798422725480449,0,0,0,1,0,0
923999535977959429,0,0,0,0,0,0
924655107043745792,0,0,0,0,0,0
924936006230568960,0,0,0,0,0,0
925903474595913729,0,0,0,0,0,0
927576840,0,0,0,0,0,0
928376779,0,0,0,0,0,0
929541596,0,0,0,0,0,0
930100881860767744,0,0,0,0,0,0
930473056732106752,0,0,0,0,0,0
93075908,0,0,0,0,0,0
931535710733160448,0,0,0,0,0,0
931575979,0,0,0,0,0,0
933106328,0,0,0,0,0,0
935435796,0,0,0,0,0,0
936469189,0,0,0,0,0,0
938203620599910401,0,0,0,0,0,0
938770404,0,0,0,0,0,0
938805471347204103,0,0,0,0,0,0
93936231,0,0,0,0,0,0
939907569669242880,0,0,0,0,0,0
939996960,0,0,0,0,0,0
9409772,0,0,0,0,0,0
941193151,0,0,0,0,0,0
94387415,0,0,0,0,0,0
94440356,0,0,0,0,0,0
946079196,0,0,0,0,0,0
946426898,0,0,0,0,0,0
94686612,0,0,0,0,0,0
947615879918948353,0,0,0,0,0,0
94819525,0,0,0,0,0,0
948548964,0,0,0,0,0,0
959495214313418752,0,0,0,0,0,0
95959944,0,0,0,0,0,0
960892699,0,0,0,0,0,0
961976897818148865,0,0,0,0,0,0
962017492871782400,0,0,0,0,0,0
963135228,0,0,0,0,0,0
964882602,0,0,0,0,0,0
967757354170232834,0,0,0,0,0,1
968825124903358464,0,0,0,0,4,0
968899727554162689,0,0,0,0,0,0
974527578,0,0,0,0,0,0
974625877,0,0,0,0,0,0
976968104,0,0,0,0,0,0
977002692,0,0,0,0,0,0
978300138,0,0,0,0,0,8
978661536,0,0,0,0,0,0
984914714,0,0,0,0,0,0
985177309,0,0,0,0,0,0
985232029,0,0,0,0,0,0
986564599,0,0,0,0,0,0
987047298,0,0,0,0,0,0
987919560,0,0,0,0,0,0
991033926,0,0,0,0,0,0
994137028341190656,0,0,0,0,0,0
995202858,0,0,0,0,0,0
995358710,0,0,0,0,0,0
996949632,0,0,0,0,0,0
99735854,0,0,0,0,0,0
997423056,0,0,0,0,0,0
997521854,0,0,0,0,0,0
997545717085491200,0,0,0,0,0,0
